"","X","long","lat","지번주소","cluster"
"1",1,127.0728674,37.49173058,"강남구",3
"2",2,127.0528311,37.47232047,"강남구",2
"3",3,127.0531676,37.47308368,"강남구",2
"4",4,127.054512,37.47341793,"강남구",2
"5",5,127.0547384,37.47409171,"강남구",2
"6",6,127.0554417,37.47396704,"강남구",2
"7",7,127.0509262,37.4715816,"강남구",2
"8",8,127.0512267,37.47178638,"강남구",2
"9",9,127.0512267,37.47178638,"강남구",2
"10",10,127.0514636,37.47144415,"강남구",2
"11",11,127.0581757,37.47591454,"강남구",2
"12",12,127.0581757,37.47591454,"강남구",2
"13",13,127.0571727,37.47540385,"강남구",2
"14",14,127.0581757,37.47591454,"강남구",2
"15",15,127.0448419,37.47998954,"강남구",2
"16",16,127.0448089,37.48016572,"강남구",2
"17",17,127.0448089,37.48016572,"강남구",2
"18",18,127.0450524,37.48022659,"강남구",2
"19",19,127.0449749,37.48033352,"강남구",2
"20",20,127.045311,37.48060803,"강남구",2
"21",21,127.0451446,37.48055499,"강남구",2
"22",22,127.0451711,37.4805787,"강남구",2
"23",23,127.045311,37.48060803,"강남구",2
"24",24,127.045311,37.48060803,"강남구",2
"25",25,127.0442765,37.47962588,"강남구",2
"26",26,127.0457341,37.48090997,"강남구",2
"27",27,127.0457341,37.48090997,"강남구",2
"28",28,127.0461373,37.48117928,"강남구",2
"29",29,127.0462669,37.48128562,"강남구",2
"30",30,127.0465231,37.48142366,"강남구",2
"31",31,127.0466271,37.48145017,"강남구",2
"32",32,127.0467171,37.48149581,"강남구",2
"33",33,127.0468417,37.48158098,"강남구",2
"34",34,127.0468417,37.48158098,"강남구",2
"35",35,127.0463856,37.48135644,"강남구",2
"36",36,127.0475084,37.48198271,"강남구",2
"37",37,127.0482305,37.48241154,"강남구",2
"38",38,127.0475084,37.48198271,"강남구",2
"39",39,127.0489486,37.48284076,"강남구",2
"40",40,127.0489486,37.48284076,"강남구",2
"41",41,127.0498404,37.48339012,"강남구",2
"42",42,127.0498404,37.48339012,"강남구",2
"43",43,127.0510922,37.48385518,"강남구",2
"44",44,127.0511007,37.4838944,"강남구",2
"45",45,127.0514354,37.48433807,"강남구",2
"46",46,127.0507232,37.48391594,"강남구",2
"47",47,127.0514354,37.48433807,"강남구",2
"48",48,127.0447993,37.4798891,"강남구",2
"49",49,127.044412,37.47938448,"강남구",2
"50",50,127.0511357,37.4838553,"강남구",2
"51",51,127.0616437,37.48192414,"강남구",2
"52",52,127.0616437,37.48192414,"강남구",2
"53",53,127.0616437,37.48192414,"강남구",2
"54",54,127.0633769,37.48049193,"강남구",2
"55",55,127.0633011,37.48055242,"강남구",2
"56",56,127.0634927,37.48039522,"강남구",2
"57",57,127.0645469,37.479525,"강남구",2
"58",58,127.0749729,37.48611965,"강남구",5
"59",59,127.0673351,37.485992,"강남구",3
"60",60,127.061537,37.48201092,"강남구",2
"61",61,127.0614406,37.48209115,"강남구",2
"62",62,127.0611736,37.48230127,"강남구",2
"63",63,127.0592494,37.48389296,"강남구",2
"64",64,127.0595876,37.48361161,"강남구",2
"65",65,127.0603358,37.48299179,"강남구",2
"66",66,127.0603358,37.48299179,"강남구",2
"67",67,127.0596603,37.48355141,"강남구",2
"68",68,127.0567982,37.48688264,"강남구",2
"69",69,127.0657783,37.48902868,"강남구",3
"70",70,127.0658199,37.48894619,"강남구",3
"71",71,127.0657367,37.48911117,"강남구",3
"72",72,127.0658199,37.48894619,"강남구",3
"73",73,127.0657367,37.48911117,"강남구",3
"74",74,127.0661494,37.48929531,"강남구",3
"75",75,127.0661494,37.48929531,"강남구",3
"76",76,127.0667451,37.4881209,"강남구",3
"77",77,127.0667451,37.4881209,"강남구",3
"78",78,127.0671654,37.48726032,"강남구",3
"79",79,127.0671654,37.48726032,"강남구",3
"80",80,127.068211,37.48519,"강남구",3
"81",81,127.0677517,37.48608966,"강남구",3
"82",82,127.0686799,37.48433386,"강남구",3
"83",83,127.0687219,37.48427765,"강남구",3
"84",84,127.0687562,37.48422773,"강남구",3
"85",85,127.0694234,37.48350811,"강남구",3
"86",86,127.0687562,37.48422773,"강남구",3
"87",87,127.0686562,37.48436773,"강남구",3
"88",88,127.068211,37.48519,"강남구",3
"89",89,127.0724844,37.49140007,"강남구",3
"90",90,127.0724844,37.49140007,"강남구",3
"91",91,127.0662397,37.48913186,"강남구",3
"92",92,127.0725424,37.49128694,"강남구",3
"93",93,127.0739129,37.48875101,"강남구",3
"94",94,127.0739705,37.48864971,"강남구",3
"95",95,127.0740315,37.48854036,"강남구",3
"96",96,127.0740315,37.48854036,"강남구",3
"97",97,127.0726116,37.49115185,"강남구",3
"98",98,127.075005,37.48671687,"강남구",5
"99",99,127.0677726,37.48621689,"강남구",3
"100",100,127.0677874,37.48618434,"강남구",3
"101",101,127.0677487,37.48626735,"강남구",3
"102",102,127.0684554,37.48409074,"강남구",3
"103",103,127.0692141,37.48328135,"강남구",3
"104",104,127.0685174,37.48401935,"강남구",3
"105",105,127.0692141,37.48328135,"강남구",3
"106",106,127.0684058,37.48415136,"강남구",3
"107",107,127.0685057,37.48430857,"강남구",3
"108",108,127.0701266,37.48286589,"강남구",3
"109",109,127.0679285,37.48505293,"강남구",3
"110",110,127.0683541,37.48424899,"강남구",3
"111",111,127.0683541,37.48424899,"강남구",3
"112",112,127.0673315,37.48620442,"강남구",3
"113",113,127.0674327,37.48598945,"강남구",3
"114",114,127.0668401,37.48718507,"강남구",3
"115",115,127.0672731,37.48608444,"강남구",3
"116",116,127.0673041,37.48603822,"강남구",3
"117",117,127.0672731,37.48608444,"강남구",3
"118",118,127.0674327,37.48598945,"강남구",3
"119",119,127.0666364,37.48737415,"강남구",3
"120",120,127.0664452,37.48796977,"강남구",3
"121",121,127.0664452,37.48796977,"강남구",3
"122",122,127.0728868,37.49416268,"강남구",3
"123",123,127.0727645,37.4941423,"강남구",3
"124",124,127.0614923,37.48181411,"강남구",2
"125",125,127.0614923,37.48181411,"강남구",2
"126",126,127.0573846,37.48553658,"강남구",2
"127",127,127.0582539,37.48470604,"강남구",2
"128",128,127.0578422,37.48484554,"강남구",2
"129",129,127.0581144,37.48459774,"강남구",2
"130",130,127.0582539,37.48470604,"강남구",2
"131",131,127.057971,37.48472827,"강남구",2
"132",132,127.0579077,37.48510583,"강남구",2
"133",133,127.0580951,37.48488943,"강남구",2
"134",134,127.0572108,37.48582149,"강남구",2
"135",135,127.0565655,37.48695074,"강남구",2
"136",136,127.0565655,37.48695074,"강남구",2
"137",137,127.0565655,37.48695074,"강남구",2
"138",138,127.0567413,37.48654769,"강남구",2
"139",139,127.0569722,37.48652304,"강남구",2
"140",140,127.0595245,37.48344323,"강남구",2
"141",141,127.0595245,37.48344323,"강남구",2
"142",142,127.0595245,37.48344323,"강남구",2
"143",143,127.0633625,37.48028716,"강남구",2
"144",144,127.0643779,37.47944742,"강남구",2
"145",145,127.0632519,37.4803789,"강남구",2
"146",146,127.0633625,37.48028716,"강남구",2
"147",147,127.0627074,37.48082269,"강남구",2
"148",148,127.0539497,37.48119985,"강남구",2
"149",149,127.0538318,37.48135097,"강남구",2
"150",150,127.0584676,37.47552335,"강남구",2
"151",151,127.0583131,37.47573043,"강남구",2
"152",152,127.0571301,37.47488528,"강남구",2
"153",153,127.0659747,37.4896606,"강남구",3
"154",154,127.0660056,37.48957881,"강남구",3
"155",155,127.0660056,37.48957881,"강남구",3
"156",156,127.0664373,37.48967281,"강남구",3
"157",157,127.0660476,37.48966725,"강남구",3
"158",158,127.0659747,37.4896606,"강남구",3
"159",159,127.0669597,37.49000269,"강남구",3
"160",160,127.0665763,37.49002739,"강남구",3
"161",161,127.0659084,37.48992132,"강남구",3
"162",162,127.066023,37.4898941,"강남구",3
"163",163,127.0660733,37.48988796,"강남구",3
"164",164,127.0665763,37.49002739,"강남구",3
"165",165,127.0681758,37.49052577,"강남구",3
"166",166,127.0673009,37.49021104,"강남구",3
"167",167,127.0677237,37.49032669,"강남구",3
"168",168,127.0673009,37.49021104,"강남구",3
"169",169,127.0695964,37.49133823,"강남구",3
"170",170,127.0688493,37.49090497,"강남구",3
"171",171,127.0694021,37.49122156,"강남구",3
"172",172,127.0688493,37.49090497,"강남구",3
"173",173,127.0721252,37.49306623,"강남구",3
"174",174,127.0721267,37.4931697,"강남구",3
"175",175,127.0717366,37.49270914,"강남구",3
"176",176,127.0715779,37.49265842,"강남구",3
"177",177,127.0721267,37.4931697,"강남구",3
"178",178,127.0713676,37.49283047,"강남구",3
"179",179,127.0721252,37.49306623,"강남구",3
"180",180,127.0717366,37.49270914,"강남구",3
"181",181,127.0721267,37.4931697,"강남구",3
"182",182,127.0721252,37.49306623,"강남구",3
"183",183,127.0714354,37.49288173,"강남구",3
"184",184,127.0719989,37.4934101,"강남구",3
"185",185,127.071446,37.49241754,"강남구",3
"186",186,127.0714269,37.49241462,"강남구",3
"187",187,127.071416,37.49242718,"강남구",3
"188",188,127.0702631,37.49181231,"강남구",3
"189",189,127.0708954,37.49238674,"강남구",3
"190",190,127.0702631,37.49181231,"강남구",3
"191",191,127.0708954,37.49238674,"강남구",3
"192",192,127.057709,37.48793596,"강남구",2
"193",193,127.057709,37.48793596,"강남구",2
"194",194,127.0607348,37.48889738,"강남구",2
"195",195,127.0605041,37.48885385,"강남구",2
"196",196,127.0584406,37.48832243,"강남구",2
"197",197,127.0584406,37.48832243,"강남구",2
"198",198,127.0588026,37.48849134,"강남구",2
"199",199,127.0595394,37.48866841,"강남구",2
"200",200,127.0617924,37.48909684,"강남구",3
"201",201,127.0617924,37.48909684,"강남구",3
"202",202,127.062913,37.48930551,"강남구",3
"203",203,127.0656466,37.48951506,"강남구",3
"204",204,127.0651483,37.48944931,"강남구",3
"205",205,127.0654473,37.48984784,"강남구",3
"206",206,127.0656466,37.48951506,"강남구",3
"207",207,127.0656466,37.48951506,"강남구",3
"208",208,127.0656645,37.48988772,"강남구",3
"209",209,127.0648314,37.48966743,"강남구",3
"210",210,127.0648314,37.48966743,"강남구",3
"211",211,127.0637224,37.48945798,"강남구",3
"212",212,127.0637224,37.48945798,"강남구",3
"213",213,127.0561737,37.4871092,"강남구",2
"214",214,127.0561302,37.48677731,"강남구",2
"215",215,127.0561269,37.4867922,"강남구",2
"216",216,127.0561487,37.48681727,"강남구",2
"217",217,127.055285,37.48660901,"강남구",2
"218",218,127.056109,37.48707527,"강남구",2
"219",219,127.0526154,37.48504455,"강남구",2
"220",220,127.0542489,37.48600329,"강남구",2
"221",221,127.0520825,37.48472283,"강남구",2
"222",222,127.0526154,37.48504455,"강남구",2
"223",223,127.051966,37.48482849,"강남구",2
"224",224,127.0520286,37.48458975,"강남구",2
"225",225,127.0520815,37.48464087,"강남구",2
"226",226,127.0520825,37.48472283,"강남구",2
"227",227,127.0532155,37.48539853,"강남구",2
"228",228,127.0542489,37.48600329,"강남구",2
"229",229,127.0567826,37.48727072,"강남구",2
"230",230,127.0569956,37.48755132,"강남구",2
"231",231,127.0569956,37.48755132,"강남구",2
"232",232,127.0569956,37.48755132,"강남구",2
"233",233,127.0529592,37.48298285,"강남구",2
"234",234,127.0534822,37.48219296,"강남구",2
"235",235,127.0566593,37.47783896,"강남구",2
"236",236,127.0568221,37.47766875,"강남구",2
"237",237,127.0569576,37.47811381,"강남구",2
"238",238,127.0567361,37.47775869,"강남구",2
"239",239,127.0561357,37.47894859,"강남구",2
"240",240,127.0541975,37.48025436,"강남구",2
"241",241,127.0549694,37.47958191,"강남구",2
"242",242,127.0566593,37.47783896,"강남구",2
"243",243,127.0586132,37.47633213,"강남구",2
"244",244,127.0586791,37.47637101,"강남구",2
"245",245,127.0586118,37.47633126,"강남구",2
"246",246,127.0535143,37.48114449,"강남구",2
"247",247,127.0537398,37.4808319,"강남구",2
"248",248,127.0535143,37.48114449,"강남구",2
"249",249,127.0536281,37.48098679,"강남구",2
"250",250,127.0537398,37.4808319,"강남구",2
"251",251,127.0535143,37.48114449,"강남구",2
"252",252,127.0518257,37.48426878,"강남구",2
"253",253,127.0518257,37.48426878,"강남구",2
"254",254,127.0518257,37.48426878,"강남구",2
"255",255,127.0583381,37.47616979,"강남구",2
"256",256,127.0584049,37.47620919,"강남구",2
"257",257,127.0583381,37.47616979,"강남구",2
"258",258,127.0583381,37.47616979,"강남구",2
"259",259,127.0722881,37.49316648,"강남구",3
"260",260,127.0724317,37.49330245,"강남구",3
"261",261,127.0724228,37.49331126,"강남구",3
"262",262,127.072336,37.49328482,"강남구",3
"263",263,127.0725477,37.49371885,"강남구",3
"264",264,127.072222,37.49362806,"강남구",3
"265",265,127.0725477,37.49371885,"강남구",3
"266",266,127.0540837,37.48102802,"강남구",2
"267",267,127.0550781,37.48002269,"강남구",2
"268",268,127.0540837,37.48102802,"강남구",2
"269",269,127.035097,37.51923833,"강남구",1
"270",270,127.0355928,37.51782957,"강남구",1
"271",271,127.035613,37.51572147,"강남구",1
"272",272,127.035613,37.51572147,"강남구",1
"273",273,127.0356047,37.51521701,"강남구",1
"274",274,127.0356114,37.51432891,"강남구",1
"275",275,127.0356371,37.5131223,"강남구",1
"276",276,127.0356371,37.5131223,"강남구",1
"277",277,127.0356371,37.5131223,"강남구",1
"278",278,127.0357465,37.51258786,"강남구",1
"279",279,127.0361993,37.51152357,"강남구",1
"280",280,127.0364598,37.51111654,"강남구",1
"281",281,127.0368302,37.51068111,"강남구",1
"282",282,127.0384933,37.5090143,"강남구",1
"283",283,127.0384933,37.5090143,"강남구",1
"284",284,127.0336726,37.52144893,"강남구",1
"285",285,127.0340736,37.52156136,"강남구",1
"286",286,127.0343905,37.52082512,"강남구",1
"287",287,127.0356144,37.51468925,"강남구",1
"288",288,127.0346299,37.52026603,"강남구",1
"289",289,127.0365509,37.51042699,"강남구",1
"290",290,127.0380398,37.50884975,"강남구",1
"291",291,127.0380398,37.50884975,"강남구",1
"292",292,127.0380398,37.50884975,"강남구",1
"293",293,127.0372942,37.50960942,"강남구",1
"294",294,127.0372942,37.50960942,"강남구",1
"295",295,127.0359262,37.5112491,"강남구",1
"296",296,127.036293,37.51073055,"강남구",1
"297",297,127.0356284,37.51178716,"강남구",1
"298",298,127.0356284,37.51178716,"강남구",1
"299",299,127.0353656,37.51243477,"강남구",1
"300",300,127.0352399,37.51306316,"강남구",1
"301",301,127.0352194,37.51317827,"강남구",1
"302",302,127.0351912,37.51344452,"강남구",1
"303",303,127.0352194,37.51317827,"강남구",1
"304",304,127.0351895,37.51456724,"강남구",1
"305",305,127.0351929,37.51508932,"강남구",1
"306",306,127.0351929,37.51508932,"강남구",1
"307",307,127.0364887,37.51050019,"강남구",1
"308",308,127.0364887,37.51050019,"강남구",1
"309",309,127.0356175,37.51330402,"강남구",1
"310",310,127.0356175,37.51330402,"강남구",1
"311",311,127.0360127,37.51187844,"강남구",1
"312",312,127.0360127,37.51187844,"강남구",1
"313",313,127.0369505,37.51054883,"강남구",1
"314",314,127.0377613,37.50972345,"강남구",1
"315",315,127.0382698,37.50863863,"강남구",1
"316",316,127.0337959,37.52115904,"강남구",1
"317",317,127.0337959,37.52115904,"강남구",1
"318",318,127.0352037,37.51645868,"강남구",1
"319",319,127.0352026,37.51706528,"강남구",1
"320",320,127.0352026,37.51706528,"강남구",1
"321",321,127.0351662,37.5179374,"강남구",1
"322",322,127.0348412,37.51880289,"강남구",1
"323",323,127.0342433,37.52016528,"강남구",1
"324",324,127.0339995,37.52070681,"강남구",1
"325",325,127.0352013,37.51568005,"강남구",1
"326",326,127.0352013,37.51568005,"강남구",1
"327",327,127.0348818,37.51969451,"강남구",1
"328",328,127.0355194,37.51824096,"강남구",1
"329",329,127.0355194,37.51824096,"강남구",1
"330",330,127.0356062,37.51712345,"강남구",1
"331",331,127.0356183,37.51654698,"강남구",1
"332",332,127.0306381,37.51379232,"강남구",1
"333",333,127.035609,37.51547482,"강남구",1
"334",334,127.0216633,37.51117476,"강남구",1
"335",335,127.0216035,37.5113128,"강남구",1
"336",336,127.0216991,37.51109225,"강남구",1
"337",337,127.0221149,37.5114649,"강남구",1
"338",338,127.0222183,37.51124799,"강남구",1
"339",339,127.0226839,37.51139317,"강남구",1
"340",340,127.0227284,37.51165133,"강남구",1
"341",341,127.0225763,37.51160511,"강남구",1
"342",342,127.0225763,37.51160511,"강남구",1
"343",343,127.0228152,37.51143412,"강남구",1
"344",344,127.0232707,37.5118163,"강남구",1
"345",345,127.0234965,37.51164239,"강남구",1
"346",346,127.0240815,37.51181556,"강남구",1
"347",347,127.0239923,37.51203369,"강남구",1
"348",348,127.0245541,37.51220754,"강남구",1
"349",349,127.0250374,37.51235732,"강남구",1
"350",350,127.0250374,37.51235732,"강남구",1
"351",351,127.0251423,37.51214596,"강남구",1
"352",352,127.0252287,37.51217286,"강남구",1
"353",353,127.0251313,37.51238641,"강남구",1
"354",354,127.0256046,37.51228728,"강남구",1
"355",355,127.0259321,37.51262649,"강남구",1
"356",356,127.0266854,37.51285947,"강남구",1
"357",357,127.0267984,37.51265479,"강남구",1
"358",358,127.0267984,37.51265479,"강남구",1
"359",359,127.0269524,37.51270222,"강남구",1
"360",360,127.0267979,37.51289425,"강남구",1
"361",361,127.0276173,37.51315519,"강남구",1
"362",362,127.0279789,37.51301542,"강남구",1
"363",363,127.0280896,37.51329956,"강남구",1
"364",364,127.0284994,37.51317014,"강남구",1
"365",365,127.0284994,37.51317014,"강남구",1
"366",366,127.0283937,37.51339553,"강남구",1
"367",367,127.0283937,37.51339553,"강남구",1
"368",368,127.0285714,37.51346898,"강남구",1
"369",369,127.0286628,37.51321873,"강남구",1
"370",370,127.0299802,37.51359231,"강남구",1
"371",371,127.0305763,37.51391713,"강남구",1
"372",372,127.0304999,37.5140712,"강남구",1
"373",373,127.0314965,37.51437518,"강남구",1
"374",374,127.0343901,37.51527655,"강남구",1
"375",375,127.0351967,37.51535668,"강남구",1
"376",376,127.0351147,37.51549345,"강남구",1
"377",377,127.0328717,37.51480643,"강남구",1
"378",378,127.0342035,37.52126872,"강남구",1
"379",379,127.0720909,37.49431055,"강남구",3
"380",380,127.0736258,37.49505829,"강남구",3
"381",381,127.0730385,37.49433097,"강남구",3
"382",382,127.0737442,37.49540665,"강남구",3
"383",383,127.073906,37.49591284,"강남구",3
"384",384,127.073906,37.49591284,"강남구",3
"385",385,127.0730385,37.49433097,"강남구",3
"386",386,127.0733362,37.49615639,"강남구",3
"387",387,127.0734575,37.49678438,"강남구",3
"388",388,127.0728552,37.4951344,"강남구",3
"389",389,127.0731534,37.495587,"강남구",3
"390",390,127.0740123,37.49635083,"강남구",3
"391",391,127.0740741,37.49661584,"강남구",3
"392",392,127.0731534,37.495587,"강남구",3
"393",393,127.073252,37.49586221,"강남구",3
"394",394,127.0734575,37.49678438,"강남구",3
"395",395,127.0727844,37.49502935,"강남구",3
"396",396,127.0740695,37.49744036,"강남구",3
"397",397,127.0740162,37.49790776,"강남구",3
"398",398,127.0740945,37.49690006,"강남구",3
"399",399,127.0740695,37.49744036,"강남구",3
"400",400,127.0739967,37.49800878,"강남구",3
"401",401,127.073534,37.49731849,"강남구",3
"402",402,127.0733506,37.49826535,"강남구",3
"403",403,127.0738372,37.49754822,"강남구",3
"404",404,127.073534,37.49731849,"강남구",3
"405",405,127.0732916,37.49821385,"강남구",3
"406",406,127.0732935,37.4983721,"강남구",3
"407",407,127.067881,37.500958,"강남구",3
"408",408,127.067881,37.500958,"강남구",3
"409",409,127.0677035,37.50127095,"강남구",3
"410",410,127.0677947,37.50111014,"강남구",3
"411",411,127.0796591,37.49911779,"강남구",3
"412",412,127.0744256,37.49785921,"강남구",3
"413",413,127.0744303,37.49700976,"강남구",3
"414",414,127.074265,37.49767373,"강남구",3
"415",415,127.0744256,37.49785921,"강남구",3
"416",416,127.079149,37.49904513,"강남구",3
"417",417,127.0741262,37.49830294,"강남구",3
"418",418,127.0742229,37.49821909,"강남구",3
"419",419,127.0741262,37.49830294,"강남구",3
"420",420,127.0730453,37.49885356,"강남구",3
"421",421,127.07388,37.49874081,"강남구",3
"422",422,127.0736342,37.49900624,"강남구",3
"423",423,127.0737713,37.49867012,"강남구",3
"424",424,127.0736342,37.49900624,"강남구",3
"425",425,127.0730453,37.49885356,"강남구",3
"426",426,127.0736598,37.49977305,"강남구",3
"427",427,127.0736342,37.49900624,"강남구",3
"428",428,127.073585,37.49930731,"강남구",3
"429",429,127.0736137,37.49960212,"강남구",3
"430",430,127.0727722,37.49933951,"강남구",3
"431",431,127.0727722,37.49933951,"강남구",3
"432",432,127.0725403,37.49973233,"강남구",3
"433",433,127.0725403,37.49973233,"강남구",3
"434",434,127.0737434,37.50036734,"강남구",3
"435",435,127.0738574,37.50024552,"강남구",3
"436",436,127.0738505,37.50028599,"강남구",3
"437",437,127.0769534,37.5008498,"강남구",3
"438",438,127.0629132,37.49453908,"강남구",3
"439",439,127.0632764,37.49432771,"강남구",3
"440",440,127.0630829,37.49425812,"강남구",3
"441",441,127.0731814,37.49680736,"강남구",3
"442",442,127.0649369,37.49517995,"강남구",3
"443",443,127.0647494,37.49513152,"강남구",3
"444",444,127.0666264,37.49536026,"강남구",3
"445",445,127.0666264,37.49536026,"강남구",3
"446",446,127.0694796,37.49671873,"강남구",3
"447",447,127.0696461,37.49640974,"강남구",3
"448",448,127.0694796,37.49671873,"강남구",3
"449",449,127.0635972,37.49444248,"강남구",3
"450",450,127.0635972,37.49444248,"강남구",3
"451",451,127.0635972,37.49444248,"강남구",3
"452",452,127.0735974,37.5013457,"강남구",3
"453",453,127.0729816,37.50145747,"강남구",3
"454",454,127.073115,37.50042321,"강남구",3
"455",455,127.0729816,37.50145747,"강남구",3
"456",456,127.0742888,37.50123265,"강남구",3
"457",457,127.07618,37.50096943,"강남구",3
"458",458,127.0754226,37.50106289,"강남구",3
"459",459,127.0754226,37.50106289,"강남구",3
"460",460,127.074961,37.50111867,"강남구",3
"461",461,127.0724032,37.50161985,"강남구",3
"462",462,127.074961,37.50111867,"강남구",3
"463",463,127.0742888,37.50123265,"강남구",3
"464",464,127.0777563,37.5006923,"강남구",3
"465",465,127.0721525,37.50080619,"강남구",3
"466",466,127.0722851,37.5005416,"강남구",3
"467",467,127.0722851,37.5005416,"강남구",3
"468",468,127.0722683,37.50062662,"강남구",3
"469",469,127.072339,37.50015513,"강남구",3
"470",470,127.072339,37.50015513,"강남구",3
"471",471,127.0722481,37.50043828,"강남구",3
"472",472,127.0722481,37.50051904,"강남구",3
"473",473,127.0794113,37.50034434,"강남구",3
"474",474,127.0784579,37.50055055,"강남구",3
"475",475,127.0784579,37.50055055,"강남구",3
"476",476,127.0723517,37.49442659,"강남구",3
"477",477,127.0734987,37.49483202,"강남구",3
"478",478,127.0734987,37.49483202,"강남구",3
"479",479,127.0723887,37.49451655,"강남구",3
"480",480,127.0556149,37.49073209,"강남구",2
"481",481,127.0559225,37.4897385,"강남구",2
"482",482,127.0557734,37.49011273,"강남구",2
"483",483,127.0560827,37.48943075,"강남구",2
"484",484,127.0560602,37.48939588,"강남구",2
"485",485,127.0567829,37.48803921,"강남구",2
"486",486,127.0567047,37.48799493,"강남구",2
"487",487,127.0564397,37.48799248,"강남구",2
"488",488,127.0577147,37.48853233,"강남구",2
"489",489,127.0575368,37.48844812,"강남구",2
"490",490,127.0586147,37.48890345,"강남구",2
"491",491,127.0586147,37.48890345,"강남구",2
"492",492,127.059576,37.48919632,"강남구",2
"493",493,127.0643046,37.49032512,"강남구",3
"494",494,127.0649561,37.49046951,"강남구",3
"495",495,127.0648281,37.49015442,"강남구",3
"496",496,127.0648281,37.49015442,"강남구",3
"497",497,127.0643046,37.49032512,"강남구",3
"498",498,127.0643211,37.4902911,"강남구",3
"499",499,127.0650405,37.49034,"강남구",3
"500",500,127.0651243,37.49050679,"강남구",3
"501",501,127.0599165,37.48927563,"강남구",2
"502",502,127.0615697,37.48958028,"강남구",3
"503",503,127.0615697,37.48958028,"강남구",3
"504",504,127.0629981,37.4898441,"강남구",3
"505",505,127.0629981,37.4898441,"강남구",3
"506",506,127.056024,37.48933959,"강남구",2
"507",507,127.056024,37.48933959,"강남구",2
"508",508,127.0642944,37.49206215,"강남구",3
"509",509,127.0636393,37.49329396,"강남구",3
"510",510,127.0647779,37.4911711,"강남구",3
"511",511,127.0646933,37.49121136,"강남구",3
"512",512,127.0637295,37.49312135,"강남구",3
"513",513,127.0642944,37.49206215,"강남구",3
"514",514,127.0642944,37.49206215,"강남구",3
"515",515,127.0646933,37.49121136,"강남구",3
"516",516,127.0647385,37.49118985,"강남구",3
"517",517,127.0636751,37.49397726,"강남구",3
"518",518,127.0728714,37.49827713,"강남구",3
"519",519,127.0729804,37.49823128,"강남구",3
"520",520,127.0650141,37.49153622,"강남구",3
"521",521,127.0646661,37.49207843,"강남구",3
"522",522,127.0646228,37.49216065,"강남구",3
"523",523,127.0697814,37.49615866,"강남구",3
"524",524,127.0710073,37.49401364,"강남구",3
"525",525,127.0697814,37.49615866,"강남구",3
"526",526,127.0697814,37.49615866,"강남구",3
"527",527,127.0708743,37.49424025,"강남구",3
"528",528,127.0708743,37.49424025,"강남구",3
"529",529,127.0649654,37.49149259,"강남구",3
"530",530,127.0649919,37.49151632,"강남구",3
"531",531,127.0716648,37.49389684,"강남구",3
"532",532,127.0715833,37.49396487,"강남구",3
"533",533,127.0654812,37.4905444,"강남구",3
"534",534,127.0662222,37.49069158,"강남구",3
"535",535,127.0655696,37.49043422,"강남구",3
"536",536,127.068715,37.49137199,"강남구",3
"537",537,127.0666513,37.4905266,"강남구",3
"538",538,127.0674123,37.49073882,"강남구",3
"539",539,127.0692218,37.49164608,"강남구",3
"540",540,127.071153,37.49376539,"강남구",3
"541",541,127.0654812,37.4905444,"강남구",3
"542",542,127.0712387,37.49361649,"강남구",3
"543",543,127.071153,37.49376539,"강남구",3
"544",544,127.0707382,37.49333275,"강남구",3
"545",545,127.0708193,37.49334283,"강남구",3
"546",546,127.0705851,37.49277545,"강남구",3
"547",547,127.071185,37.49336659,"강남구",3
"548",548,127.071185,37.49336659,"강남구",3
"549",549,127.0654812,37.4905444,"강남구",3
"550",550,127.0659594,37.4903537,"강남구",3
"551",551,127.0699397,37.49221005,"강남구",3
"552",552,127.0703207,37.49251025,"강남구",3
"553",553,127.0659594,37.4903537,"강남구",3
"554",554,127.0665575,37.4904788,"강남구",3
"555",555,127.0655858,37.49039973,"강남구",3
"556",556,127.0655858,37.49039973,"강남구",3
"557",557,127.0666513,37.4905266,"강남구",3
"558",558,127.0681265,37.49107174,"강남구",3
"559",559,127.0685907,37.49130471,"강남구",3
"560",560,127.0703448,37.49635765,"강남구",3
"561",561,127.0703448,37.49635765,"강남구",3
"562",562,127.0713608,37.49448364,"강남구",3
"563",563,127.0715116,37.49416818,"강남구",3
"564",564,127.0715116,37.49416818,"강남구",3
"565",565,127.0730792,37.49671391,"강남구",3
"566",566,127.0702297,37.49659672,"강남구",3
"567",567,127.0700774,37.49691328,"강남구",3
"568",568,127.0700774,37.49691328,"강남구",3
"569",569,127.0700774,37.49691328,"강남구",3
"570",570,127.0730575,37.49744905,"강남구",3
"571",571,127.0732256,37.49766715,"강남구",3
"572",572,127.0730575,37.49744905,"강남구",3
"573",573,127.0732716,37.49762893,"강남구",3
"574",574,127.0732716,37.49762893,"강남구",3
"575",575,127.0692175,37.4985011,"강남구",3
"576",576,127.0577446,37.49217118,"강남구",2
"577",577,127.0582336,37.49239299,"강남구",2
"578",578,127.0595439,37.49298153,"강남구",2
"579",579,127.0607408,37.49354497,"강남구",3
"580",580,127.0613037,37.49344218,"강남구",3
"581",581,127.0599175,37.49280859,"강남구",3
"582",582,127.0577077,37.49179026,"강남구",2
"583",583,127.0599175,37.49280859,"강남구",3
"584",584,127.0556068,37.49082911,"강남구",2
"585",585,127.0622552,37.49423766,"강남구",3
"586",586,127.0681878,37.50983982,"강남구",3
"587",587,127.0680742,37.51000498,"강남구",3
"588",588,127.0681878,37.50983982,"강남구",3
"589",589,127.0684953,37.50717461,"강남구",3
"590",590,127.0684159,37.5076798,"강남구",3
"591",591,127.0684697,37.50783633,"강남구",3
"592",592,127.0683729,37.50864045,"강남구",3
"593",593,127.0683729,37.50864045,"강남구",3
"594",594,127.0684953,37.50717461,"강남구",3
"595",595,127.0715377,37.50143162,"강남구",3
"596",596,127.0715342,37.50146251,"강남구",3
"597",597,127.0717042,37.50137326,"강남구",3
"598",598,127.0717042,37.50137326,"강남구",3
"599",599,127.0706933,37.5020155,"강남구",3
"600",600,127.0710666,37.50173305,"강남구",3
"601",601,127.0711588,37.50195481,"강남구",3
"602",602,127.0711,37.50208112,"강남구",3
"603",603,127.0711,37.50208112,"강남구",3
"604",604,127.0707315,37.50254575,"강남구",3
"605",605,127.0703258,37.50266109,"강남구",3
"606",606,127.070424,37.50247609,"강남구",3
"607",607,127.0706933,37.5020155,"강남구",3
"608",608,127.0711,37.50208112,"강남구",3
"609",609,127.0687644,37.505634,"강남구",3
"610",610,127.0687644,37.505634,"강남구",3
"611",611,127.0686272,37.50643652,"강남구",3
"612",612,127.0684124,37.50646458,"강남구",3
"613",613,127.0684007,37.50549558,"강남구",3
"614",614,127.0694725,37.50393692,"강남구",3
"615",615,127.0694725,37.50393692,"강남구",3
"616",616,127.0691356,37.50405335,"강남구",3
"617",617,127.0694725,37.50393692,"강남구",3
"618",618,127.0688678,37.5052179,"강남구",3
"619",619,127.0691091,37.50454156,"강남구",3
"620",620,127.0688678,37.5052179,"강남구",3
"621",621,127.0691091,37.50454156,"강남구",3
"622",622,127.068749,37.50447947,"강남구",3
"623",623,127.0717921,37.49425075,"강남구",3
"624",624,127.0718718,37.49399733,"강남구",3
"625",625,127.0718718,37.49399733,"강남구",3
"626",626,127.0654064,37.50543851,"강남구",3
"627",627,127.0684278,37.49854201,"강남구",3
"628",628,127.0672264,37.50075831,"강남구",3
"629",629,127.0674438,37.50034492,"강남구",3
"630",630,127.0672264,37.50075831,"강남구",3
"631",631,127.0672264,37.50075831,"강남구",3
"632",632,127.0671481,37.50091778,"강남구",3
"633",633,127.0670709,37.50107486,"강남구",3
"634",634,127.0670709,37.50107486,"강남구",3
"635",635,127.0673176,37.50115133,"강남구",3
"636",636,127.0663654,37.50231918,"강남구",3
"637",637,127.0670718,37.50239289,"강남구",3
"638",638,127.0654981,37.50388694,"강남구",3
"639",639,127.0658562,37.50462144,"강남구",3
"640",640,127.0658562,37.50462144,"강남구",3
"641",641,127.0656969,37.5049126,"강남구",3
"642",642,127.0655315,37.50521479,"강남구",3
"643",643,127.0654717,37.50532187,"강남구",3
"644",644,127.0647893,37.50526087,"강남구",3
"645",645,127.0650962,37.5059958,"강남구",3
"646",646,127.0644453,37.50585101,"강남구",3
"647",647,127.0638352,37.50689271,"강남구",3
"648",648,127.0645598,37.50697987,"강남구",3
"649",649,127.0641868,37.50766907,"강남구",3
"650",650,127.0634648,37.50754864,"강남구",3
"651",651,127.0638524,37.50830938,"강남구",3
"652",652,127.0474233,37.49317586,"강남구",2
"653",653,127.0470612,37.49287504,"강남구",2
"654",654,127.0467553,37.49355988,"강남구",2
"655",655,127.0467553,37.49355988,"강남구",2
"656",656,127.0450033,37.48599988,"강남구",2
"657",657,127.0454023,37.48614459,"강남구",2
"658",658,127.0455131,37.48619594,"강남구",2
"659",659,127.0456677,37.48626762,"강남구",2
"660",660,127.0455007,37.48619023,"강남구",2
"661",661,127.0417199,37.48545068,"강남구",2
"662",662,127.0441056,37.48577902,"강남구",2
"663",663,127.0406061,37.48529764,"강남구",2
"664",664,127.0549374,37.4905177,"강남구",2
"665",665,127.0511659,37.48879941,"강남구",2
"666",666,127.0533399,37.48979689,"강남구",2
"667",667,127.0533399,37.48979689,"강남구",2
"668",668,127.0552678,37.49066467,"강남구",2
"669",669,127.0551122,37.49096477,"강남구",2
"670",670,127.0554295,37.49074308,"강남구",2
"671",671,127.0552678,37.49066467,"강남구",2
"672",672,127.0506647,37.48635692,"강남구",2
"673",673,127.0504648,37.4868409,"강남구",2
"674",674,127.0506647,37.48635692,"강남구",2
"675",675,127.050792,37.48605081,"강남구",2
"676",676,127.0508414,37.48602405,"강남구",2
"677",677,127.0504648,37.4868409,"강남구",2
"678",678,127.050897,37.48599388,"강남구",2
"679",679,127.0512815,37.48616331,"강남구",2
"680",680,127.0512885,37.48621682,"강남구",2
"681",681,127.0497966,37.48797447,"강남구",2
"682",682,127.0497966,37.48797447,"강남구",2
"683",683,127.0497966,37.48797447,"강남구",2
"684",684,127.0502164,37.48813351,"강남구",2
"685",685,127.0502164,37.48813351,"강남구",2
"686",686,127.0557216,37.48938783,"강남구",2
"687",687,127.0558054,37.48936333,"강남구",2
"688",688,127.0557216,37.48938783,"강남구",2
"689",689,127.0509111,37.48682921,"강남구",2
"690",690,127.0512971,37.48628185,"강남구",2
"691",691,127.05066,37.48731091,"강남구",2
"692",692,127.0507137,37.4872079,"강남구",2
"693",693,127.0556042,37.48956326,"강남구",2
"694",694,127.0555757,37.48969608,"강남구",2
"695",695,127.0555757,37.48969608,"강남구",2
"696",696,127.0555757,37.48969608,"강남구",2
"697",697,127.0505825,37.48745463,"강남구",2
"698",698,127.0521795,37.48918352,"강남구",2
"699",699,127.0484427,37.48315522,"강남구",2
"700",700,127.0447649,37.48087608,"강남구",2
"701",701,127.0444398,37.48073722,"강남구",2
"702",702,127.0449741,37.48103902,"강남구",2
"703",703,127.044864,37.48099771,"강남구",2
"704",704,127.0453805,37.48130595,"강남구",2
"705",705,127.0453805,37.48130595,"강남구",2
"706",706,127.0457886,37.48155082,"강남구",2
"707",707,127.0464415,37.48194148,"강남구",2
"708",708,127.0464415,37.48194148,"강남구",2
"709",709,127.0470588,37.48231032,"강남구",2
"710",710,127.0477932,37.48273963,"강남구",2
"711",711,127.0477932,37.48273963,"강남구",2
"712",712,127.0540337,37.48647508,"강남구",2
"713",713,127.0540337,37.48647508,"강남구",2
"714",714,127.0518009,37.48504129,"강남구",2
"715",715,127.0518009,37.48504129,"강남구",2
"716",716,127.0511302,37.48483376,"강남구",2
"717",717,127.0512039,37.48509616,"강남구",2
"718",718,127.0510169,37.48497459,"강남구",2
"719",719,127.0509097,37.48491825,"강남구",2
"720",720,127.0508983,37.48492982,"강남구",2
"721",721,127.0511616,37.48519612,"강남구",2
"722",722,127.0492963,37.48367461,"강남구",2
"723",723,127.0512829,37.4852736,"강남구",2
"724",724,127.0500561,37.4841343,"강남구",2
"725",725,127.0506724,37.48450252,"강남구",2
"726",726,127.051202,37.48475736,"강남구",2
"727",727,127.0511302,37.48483376,"강남구",2
"728",728,127.051202,37.48475736,"강남구",2
"729",729,127.0517104,37.48520861,"강남구",2
"730",730,127.0506724,37.48450252,"강남구",2
"731",731,127.051202,37.48475736,"강남구",2
"732",732,127.0511302,37.48483376,"강남구",2
"733",733,127.0510169,37.48497459,"강남구",2
"734",734,127.0492963,37.48367461,"강남구",2
"735",735,127.0516324,37.48547799,"강남구",2
"736",736,127.052227,37.48571954,"강남구",2
"737",737,127.0522428,37.48571469,"강남구",2
"738",738,127.0522436,37.48570211,"강남구",2
"739",739,127.053276,37.48603942,"강남구",2
"740",740,127.0524979,37.48546163,"강남구",2
"741",741,127.0524431,37.48550495,"강남구",2
"742",742,127.0525425,37.48553554,"강남구",2
"743",743,127.0525932,37.48563637,"강남구",2
"744",744,127.0562249,37.48803328,"강남구",2
"745",745,127.0562249,37.48803328,"강남구",2
"746",746,127.0557045,37.48749087,"강남구",2
"747",747,127.0562249,37.48803328,"강남구",2
"748",748,127.0562312,37.48773729,"강남구",2
"749",749,127.0548145,37.48692363,"강남구",2
"750",750,127.0556236,37.48738995,"강남구",2
"751",751,127.0556236,37.48738995,"강남구",2
"752",752,127.0562312,37.48773729,"강남구",2
"753",753,127.0442906,37.48042132,"강남구",2
"754",754,127.0439812,37.48044153,"강남구",2
"755",755,127.0439812,37.48044153,"강남구",2
"756",756,127.0441899,37.4805803,"강남구",2
"757",757,127.0466226,37.49392705,"강남구",2
"758",758,127.0466226,37.49392705,"강남구",2
"759",759,127.0469393,37.49423959,"강남구",2
"760",760,127.0469431,37.49423549,"강남구",2
"761",761,127.0469393,37.49423959,"강남구",2
"762",762,127.0465406,37.49411991,"강남구",2
"763",763,127.0498477,37.488833,"강남구",2
"764",764,127.0498477,37.488833,"강남구",2
"765",765,127.0502111,37.48872287,"강남구",2
"766",766,127.0498477,37.488833,"강남구",2
"767",767,127.0496542,37.48828035,"강남구",2
"768",768,127.0487978,37.48772152,"강남구",2
"769",769,127.0494585,37.48870077,"강남구",2
"770",770,127.0494585,37.48870077,"강남구",2
"771",771,127.0500494,37.48845036,"강남구",2
"772",772,127.0379747,37.484938,"강남구",2
"773",773,127.0382715,37.48497392,"강남구",2
"774",774,127.0388024,37.48505305,"강남구",2
"775",775,127.0394791,37.48514884,"강남구",2
"776",776,127.0355287,37.48459317,"강남구",2
"777",777,127.0368674,37.4847911,"강남구",2
"778",778,127.0375902,37.48488812,"강남구",2
"779",779,127.0491428,37.49022224,"강남구",2
"780",780,127.0487353,37.48997512,"강남구",2
"781",781,127.0487353,37.48997512,"강남구",2
"782",782,127.0475333,37.49204829,"강남구",2
"783",783,127.0475333,37.49204829,"강남구",2
"784",784,127.0437861,37.51753126,"강남구",4
"785",785,127.0439485,37.51756037,"강남구",4
"786",786,127.0613316,37.52149414,"강남구",4
"787",787,127.0500252,37.5186375,"강남구",4
"788",788,127.0500252,37.5186375,"강남구",4
"789",789,127.0415416,37.51723142,"강남구",1
"790",790,127.0422285,37.51724901,"강남구",1
"791",791,127.0415837,37.51712805,"강남구",1
"792",792,127.0451194,37.51778073,"강남구",4
"793",793,127.0464443,37.51801739,"강남구",4
"794",794,127.0499742,37.51877201,"강남구",4
"795",795,127.0600667,37.51384611,"강남구",4
"796",796,127.0605808,37.51430609,"강남구",4
"797",797,127.0604469,37.51454201,"강남구",4
"798",798,127.0597637,37.51443573,"강남구",4
"799",799,127.0594515,37.51495751,"강남구",4
"800",800,127.0602078,37.51497115,"강남구",4
"801",801,127.0601547,37.51506716,"강남구",4
"802",802,127.059566,37.51613723,"강남구",4
"803",803,127.0591773,37.51686438,"강남구",4
"804",804,127.0571107,37.51936053,"강남구",4
"805",805,127.057007,37.51955432,"강남구",4
"806",806,127.0568311,37.51984102,"강남구",4
"807",807,127.0571355,37.51992633,"강남구",4
"808",808,127.0574531,37.52001533,"강남구",4
"809",809,127.0574531,37.52001533,"강남구",4
"810",810,127.0602601,37.51487656,"강남구",4
"811",811,127.0625175,37.50933271,"강남구",4
"812",812,127.0607102,37.51407811,"강남구",4
"813",813,127.0631515,37.5096198,"강남구",4
"814",814,127.0612084,37.51317762,"강남구",4
"815",815,127.0612084,37.51317762,"강남구",4
"816",816,127.0626262,37.5106102,"강남구",4
"817",817,127.0634785,37.50900846,"강남구",4
"818",818,127.0650428,37.51989966,"강남구",4
"819",819,127.064124,37.52105463,"강남구",4
"820",820,127.064124,37.52105463,"강남구",4
"821",821,127.0645251,37.52062165,"강남구",4
"822",822,127.0646226,37.52046998,"강남구",4
"823",823,127.0650428,37.51989966,"강남구",4
"824",824,127.0655804,37.51912701,"강남구",4
"825",825,127.065822,37.51861992,"강남구",4
"826",826,127.065822,37.51861992,"강남구",4
"827",827,127.0662055,37.51854878,"강남구",4
"828",828,127.0665903,37.51803611,"강남구",4
"829",829,127.0666317,37.51845498,"강남구",4
"830",830,127.0666317,37.51845498,"강남구",4
"831",831,127.0666317,37.51845498,"강남구",4
"832",832,127.067982,37.51022475,"강남구",3
"833",833,127.0679159,37.51064076,"강남구",3
"834",834,127.0679159,37.51064076,"강남구",3
"835",835,127.0677617,37.51014107,"강남구",3
"836",836,127.0675947,37.51383757,"강남구",4
"837",837,127.0677415,37.5128303,"강남구",4
"838",838,127.067898,37.51174638,"강남구",4
"839",839,127.0677415,37.5128303,"강남구",4
"840",840,127.0679996,37.51127643,"강남구",4
"841",841,127.067932,37.51155313,"강남구",4
"842",842,127.067907,37.5108618,"강남구",4
"843",843,127.0680085,37.51104484,"강남구",4
"844",844,127.0669726,37.51542292,"강남구",4
"845",845,127.0671452,37.51656496,"강남구",4
"846",846,127.0671452,37.51656496,"강남구",4
"847",847,127.0670644,37.5170456,"강남구",4
"848",848,127.0667503,37.51675674,"강남구",4
"849",849,127.0667605,37.5167962,"강남구",4
"850",850,127.0667997,37.51679892,"강남구",4
"851",851,127.0668884,37.51668868,"강남구",4
"852",852,127.0668727,37.51759822,"강남구",4
"853",853,127.0669816,37.51744282,"강남구",4
"854",854,127.0668727,37.51759822,"강남구",4
"855",855,127.0674507,37.51478311,"강남구",4
"856",856,127.0674507,37.51478311,"강남구",4
"857",857,127.0672746,37.51587817,"강남구",4
"858",858,127.0671092,37.51614165,"강남구",4
"859",859,127.0624638,37.52176071,"강남구",4
"860",860,127.0627764,37.52180616,"강남구",4
"861",861,127.0634878,37.52146515,"강남구",4
"862",862,127.058019,37.51900929,"강남구",4
"863",863,127.1086192,37.46741335,"강남구",6
"864",864,127.108653,37.46676371,"강남구",6
"865",865,127.1082178,37.4657625,"강남구",6
"866",866,127.1082694,37.46688834,"강남구",6
"867",867,127.1085898,37.46567827,"강남구",6
"868",868,127.1235508,37.46734189,"강남구",6
"869",869,127.1235508,37.46734189,"강남구",6
"870",870,127.1234218,37.46668027,"강남구",6
"871",871,127.1232288,37.46604034,"강남구",6
"872",872,127.1029461,37.48599802,"강남구",6
"873",873,127.1033816,37.4854243,"강남구",6
"874",874,127.1040738,37.48467504,"강남구",6
"875",875,127.1035371,37.48567609,"강남구",6
"876",876,127.1052638,37.4900811,"강남구",6
"877",877,127.1052638,37.4900811,"강남구",6
"878",878,127.1056186,37.48968902,"강남구",6
"879",879,127.1056186,37.48968902,"강남구",6
"880",880,127.1031063,37.48626993,"강남구",6
"881",881,127.102956,37.48644435,"강남구",6
"882",882,127.1031063,37.48626993,"강남구",6
"883",883,127.1049135,37.49072585,"강남구",6
"884",884,127.1044041,37.49114712,"강남구",6
"885",885,127.1044041,37.49114712,"강남구",6
"886",886,127.1057562,37.49003916,"강남구",6
"887",887,127.1048746,37.49047218,"강남구",6
"888",888,127.1044964,37.49080458,"강남구",6
"889",889,127.1044964,37.49080458,"강남구",6
"890",890,127.1048746,37.49047218,"강남구",6
"891",891,127.1057562,37.49003916,"강남구",6
"892",892,127.1053218,37.49038506,"강남구",6
"893",893,127.1053218,37.49038506,"강남구",6
"894",894,127.1049135,37.49072585,"강남구",6
"895",895,127.1028166,37.49217637,"강남구",6
"896",896,127.1026009,37.4920489,"강남구",6
"897",897,127.1016315,37.49269053,"강남구",6
"898",898,127.1021561,37.49243111,"강남구",6
"899",899,127.1016315,37.49269053,"강남구",6
"900",900,127.1027027,37.49221377,"강남구",6
"901",901,127.1021561,37.49243111,"강남구",6
"902",902,127.1037442,37.49165556,"강남구",6
"903",903,127.103166,37.49198917,"강남구",6
"904",904,127.1037442,37.49165556,"강남구",6
"905",905,127.103166,37.49198917,"강남구",6
"906",906,127.1037442,37.49165556,"강남구",6
"907",907,127.1060417,37.48982583,"강남구",6
"908",908,127.1060115,37.48926936,"강남구",6
"909",909,127.1042335,37.49101956,"강남구",6
"910",910,127.1041184,37.4911397,"강남구",6
"911",911,127.1041184,37.4911397,"강남구",6
"912",912,127.1041184,37.4911397,"강남구",6
"913",913,127.1027256,37.49198064,"강남구",6
"914",914,127.1027256,37.49198064,"강남구",6
"915",915,127.1032013,37.49170871,"강남구",6
"916",916,127.1035875,37.49148531,"강남구",6
"917",917,127.1035875,37.49148531,"강남구",6
"918",918,127.1032978,37.49165366,"강남구",6
"919",919,127.1006698,37.49318393,"강남구",6
"920",920,127.1006698,37.49318393,"강남구",6
"921",921,127.1003528,37.49336462,"강남구",6
"922",922,127.1002265,37.49309723,"강남구",6
"923",923,127.1001485,37.49327046,"강남구",6
"924",924,127.1006322,37.49299221,"강남구",6
"925",925,127.1003742,37.49314872,"강남구",6
"926",926,127.1001724,37.49308138,"강남구",6
"927",927,127.1006322,37.49299221,"강남구",6
"928",928,127.1000352,37.49338446,"강남구",6
"929",929,127.0999018,37.4935429,"강남구",6
"930",930,127.0994448,37.49378496,"강남구",6
"931",931,127.0988955,37.49397882,"강남구",6
"932",932,127.1010907,37.49295901,"강남구",6
"933",933,127.1000127,37.49348152,"강남구",6
"934",934,127.0999652,37.49350343,"강남구",6
"935",935,127.1010907,37.49295901,"강남구",6
"936",936,127.099203,37.49357183,"강남구",6
"937",937,127.0989792,37.49387617,"강남구",6
"938",938,127.0988955,37.49397882,"강남구",6
"939",939,127.1016772,37.49238906,"강남구",6
"940",940,127.1021704,37.49215827,"강남구",6
"941",941,127.1021704,37.49215827,"강남구",6
"942",942,127.1016772,37.49238906,"강남구",6
"943",943,127.1024411,37.49229533,"강남구",6
"944",944,127.1010242,37.49270105,"강남구",6
"945",945,127.1010242,37.49270105,"강남구",6
"946",946,127.1010242,37.49270105,"강남구",6
"947",947,127.0976516,37.49132922,"강남구",6
"948",948,127.0976344,37.494482,"강남구",6
"949",949,127.0976344,37.494482,"강남구",6
"950",950,127.0965623,37.49489744,"강남구",6
"951",951,127.0966787,37.49485478,"강남구",6
"952",952,127.0954587,37.4842466,"강남구",6
"953",953,127.0959041,37.4843235,"강남구",6
"954",954,127.0943928,37.48425961,"강남구",6
"955",955,127.0943928,37.48425961,"강남구",6
"956",956,127.1004591,37.48848141,"강남구",6
"957",957,127.099749,37.48909949,"강남구",6
"958",958,127.1004591,37.48848141,"강남구",6
"959",959,127.1008116,37.48823999,"강남구",6
"960",960,127.1004591,37.48848141,"강남구",6
"961",961,127.0992376,37.48973834,"강남구",6
"962",962,127.0989328,37.49023991,"강남구",6
"963",963,127.0987392,37.49078269,"강남구",6
"964",964,127.0986988,37.49122939,"강남구",6
"965",965,127.0987419,37.49159202,"강남구",6
"966",966,127.1010563,37.48803623,"강남구",6
"967",967,127.1009319,37.48813981,"강남구",6
"968",968,127.1019048,37.48741419,"강남구",6
"969",969,127.1016908,37.48754928,"강남구",6
"970",970,127.1020846,37.48730067,"강남구",6
"971",971,127.1016908,37.48754928,"강남구",6
"972",972,127.1020846,37.48730067,"강남구",6
"973",973,127.1016908,37.48754928,"강남구",6
"974",974,127.103685,37.48812717,"강남구",6
"975",975,127.103685,37.48812717,"강남구",6
"976",976,127.1049352,37.48850584,"강남구",6
"977",977,127.1049352,37.48850584,"강남구",6
"978",978,127.1038024,37.48780061,"강남구",6
"979",979,127.1053828,37.4882719,"강남구",6
"980",980,127.1024914,37.48777413,"강남구",6
"981",981,127.1057308,37.48874688,"강남구",6
"982",982,127.1028199,37.48660227,"강남구",6
"983",983,127.1025132,37.48686978,"강남구",6
"984",984,127.1016715,37.48710138,"강남구",6
"985",985,127.1012537,37.48742605,"강남구",6
"986",986,127.1016715,37.48710138,"강남구",6
"987",987,127.1012537,37.48742605,"강남구",6
"988",988,127.0985675,37.49005444,"강남구",6
"989",989,127.0991128,37.48932261,"강남구",6
"990",990,127.1003462,37.48839555,"강남구",6
"991",991,127.0998041,37.4886654,"강남구",6
"992",992,127.1002435,37.48831744,"강남구",6
"993",993,127.1004458,37.48810561,"강남구",6
"994",994,127.1023179,37.48660767,"강남구",6
"995",995,127.1023179,37.48660767,"강남구",6
"996",996,127.0949182,37.48448556,"강남구",6
"997",997,127.0965086,37.4845564,"강남구",6
"998",998,127.0970177,37.48490986,"강남구",6
"999",999,127.0970177,37.48490986,"강남구",6
"1000",1000,127.0978959,37.48555206,"강남구",6
"1001",1001,127.0978501,37.48551785,"강남구",6
"1002",1002,127.0980239,37.48564773,"강남구",6
"1003",1003,127.0987388,37.48614097,"강남구",6
"1004",1004,127.0994898,37.48657411,"강남구",6
"1005",1005,127.0995531,37.48660437,"강남구",6
"1006",1006,127.0997079,37.48665039,"강남구",6
"1007",1007,127.0994135,37.48653762,"강남구",6
"1008",1008,127.0993412,37.48650306,"강남구",6
"1009",1009,127.0992449,37.48644953,"강남구",6
"1010",1010,127.100946,37.48698483,"강남구",6
"1011",1011,127.1015837,37.48711176,"강남구",6
"1012",1012,127.0977079,37.48572366,"강남구",6
"1013",1013,127.0978429,37.48582401,"강남구",6
"1014",1014,127.0978429,37.48582401,"강남구",6
"1015",1015,127.0977079,37.48572366,"강남구",6
"1016",1016,127.096398,37.48478912,"강남구",6
"1017",1017,127.0959656,37.48460403,"강남구",6
"1018",1018,127.0955854,37.48451331,"강남구",6
"1019",1019,127.1002028,37.48707128,"강남구",6
"1020",1020,127.0996397,37.48687352,"강남구",6
"1021",1021,127.0991554,37.48666676,"강남구",6
"1022",1022,127.1002028,37.48707128,"강남구",6
"1023",1023,127.0925447,37.4850308,"강남구",5
"1024",1024,127.0888378,37.48538737,"강남구",5
"1025",1025,127.0899077,37.48555589,"강남구",5
"1026",1026,127.0920612,37.48544782,"강남구",5
"1027",1027,127.0918256,37.48555519,"강남구",5
"1028",1028,127.0916149,37.48560137,"강남구",5
"1029",1029,127.0913858,37.48560634,"강남구",5
"1030",1030,127.0909357,37.48556781,"강남구",5
"1031",1031,127.0901612,37.48557821,"강남구",5
"1032",1032,127.0869899,37.48574403,"강남구",5
"1033",1033,127.0861684,37.48587951,"강남구",5
"1034",1034,127.0874825,37.48565008,"강남구",5
"1035",1035,127.088094,37.48544354,"강남구",5
"1036",1036,127.0877311,37.48557934,"강남구",5
"1037",1037,127.0885701,37.48535755,"강남구",5
"1038",1038,127.0863393,37.48575541,"강남구",5
"1039",1039,127.0863393,37.48575541,"강남구",5
"1040",1040,127.0875734,37.48549681,"강남구",5
"1041",1041,127.0885948,37.48522922,"강남구",5
"1042",1042,127.0921695,37.48519556,"강남구",5
"1043",1043,127.0917592,37.48543979,"강남구",5
"1044",1044,127.0894753,37.48536531,"강남구",5
"1045",1045,127.0901179,37.48545607,"강남구",5
"1046",1046,127.0908024,37.48544066,"강남구",5
"1047",1047,127.0911941,37.48546493,"강남구",5
"1048",1048,127.0915691,37.48547496,"강남구",5
"1049",1049,127.0919711,37.48534743,"강남구",5
"1050",1050,127.0928386,37.48461931,"강남구",5
"1051",1051,127.0927814,37.48480438,"강남구",5
"1052",1052,127.0880261,37.48533744,"강남구",5
"1053",1053,127.0883046,37.4852548,"강남구",5
"1054",1054,127.0864147,37.48507786,"강남구",5
"1055",1055,127.0867776,37.4835615,"강남구",5
"1056",1056,127.0867776,37.4835615,"강남구",5
"1057",1057,127.0931192,37.4845578,"강남구",5
"1058",1058,127.0931192,37.4845578,"강남구",5
"1059",1059,127.093111,37.48431407,"강남구",5
"1060",1060,127.093111,37.48431407,"강남구",5
"1061",1061,127.0931192,37.4845578,"강남구",5
"1062",1062,127.0931192,37.4845578,"강남구",5
"1063",1063,127.0867247,37.48381613,"강남구",5
"1064",1064,127.0889914,37.48414186,"강남구",5
"1065",1065,127.0920503,37.48455908,"강남구",5
"1066",1066,127.0913516,37.48450319,"강남구",5
"1067",1067,127.0907012,37.48441747,"강남구",5
"1068",1068,127.0899324,37.48402518,"강남구",5
"1069",1069,127.0918487,37.48428959,"강남구",5
"1070",1070,127.0930012,37.48456486,"강남구",5
"1071",1071,127.0928806,37.48456729,"강남구",5
"1072",1072,127.0927269,37.48430309,"강남구",5
"1073",1073,127.0869857,37.48198627,"강남구",5
"1074",1074,127.0870364,37.48214716,"강남구",5
"1075",1075,127.0870345,37.48230616,"강남구",5
"1076",1076,127.0868953,37.48185841,"강남구",5
"1077",1077,127.0868703,37.48305336,"강남구",5
"1078",1078,127.0867623,37.48352999,"강남구",5
"1079",1079,127.1061388,37.48968249,"강남구",6
"1080",1080,127.1064384,37.48920248,"강남구",6
"1081",1081,127.1067667,37.48831521,"강남구",6
"1082",1082,127.1068343,37.48827973,"강남구",6
"1083",1083,127.1067453,37.48872216,"강남구",6
"1084",1084,127.1075502,37.48862519,"강남구",6
"1085",1085,127.1073043,37.48851963,"강남구",6
"1086",1086,127.1071286,37.48851224,"강남구",6
"1087",1087,127.1071286,37.48851224,"강남구",6
"1088",1088,127.1069726,37.48855147,"강남구",6
"1089",1089,127.1068833,37.48859119,"강남구",6
"1090",1090,127.1068217,37.48863353,"강남구",6
"1091",1091,127.1067453,37.48872216,"강남구",6
"1092",1092,127.1067453,37.48872216,"강남구",6
"1093",1093,127.1063913,37.48877629,"강남구",6
"1094",1094,127.1063913,37.48877629,"강남구",6
"1095",1095,127.1080147,37.48881779,"강남구",6
"1096",1096,127.1080147,37.48881779,"강남구",6
"1097",1097,127.0905909,37.48556887,"강남구",5
"1098",1098,127.0883411,37.48537919,"강남구",5
"1099",1099,127.015563,37.52531183,"강남구",1
"1100",1100,127.015563,37.52531183,"강남구",1
"1101",1101,127.014115,37.52408686,"강남구",1
"1102",1102,127.0148147,37.52467942,"강남구",1
"1103",1103,127.014115,37.52408686,"강남구",1
"1104",1104,127.0132776,37.52338087,"강남구",1
"1105",1105,127.0140873,37.52551266,"강남구",1
"1106",1106,127.0142409,37.52534684,"강남구",1
"1107",1107,127.0144739,37.52505624,"강남구",1
"1108",1108,127.0144868,37.52504807,"강남구",1
"1109",1109,127.0145821,37.52504576,"강남구",1
"1110",1110,127.0145984,37.52504165,"강남구",1
"1111",1111,127.0148624,37.52543344,"강남구",1
"1112",1112,127.0136341,37.52674927,"강남구",1
"1113",1113,127.0113985,37.52838469,"강남구",1
"1114",1114,127.0122828,37.52743857,"강남구",1
"1115",1115,127.0120159,37.5284755,"강남구",1
"1116",1116,127.0120043,37.52849279,"강남구",1
"1117",1117,127.012009,37.52850917,"강남구",1
"1118",1118,127.0120236,37.5285283,"강남구",1
"1119",1119,127.0153298,37.5250072,"강남구",1
"1120",1120,127.0152971,37.52504093,"강남구",1
"1121",1121,127.0151664,37.52518081,"강남구",1
"1122",1122,127.0151517,37.52518085,"강남구",1
"1123",1123,127.0151186,37.52516745,"강남구",1
"1124",1124,127.0151003,37.52517082,"강남구",1
"1125",1125,127.0116963,37.52888394,"강남구",1
"1126",1126,127.0339124,37.5219245,"강남구",1
"1127",1127,127.0339124,37.5219245,"강남구",1
"1128",1128,127.0335299,37.5228424,"강남구",1
"1129",1129,127.0334362,37.52318158,"강남구",1
"1130",1130,127.0333408,37.52378796,"강남구",1
"1131",1131,127.0333307,37.52416342,"강남구",1
"1132",1132,127.0335478,37.52585072,"강남구",1
"1133",1133,127.0335615,37.52593023,"강남구",1
"1134",1134,127.0337961,37.52767908,"강남구",1
"1135",1135,127.0404599,37.52766933,"강남구",1
"1136",1136,127.0211732,37.52349774,"강남구",1
"1137",1137,127.0225474,37.52421258,"강남구",1
"1138",1138,127.0242241,37.52506327,"강남구",1
"1139",1139,127.033344,37.52436788,"강남구",1
"1140",1140,127.0335031,37.52554942,"강남구",1
"1141",1141,127.0335031,37.52554942,"강남구",1
"1142",1142,127.0336445,37.5265677,"강남구",1
"1143",1143,127.0337251,37.52715994,"강남구",1
"1144",1144,127.0338163,37.52787088,"강남구",1
"1145",1145,127.0338907,37.52843634,"강남구",1
"1146",1146,127.0336823,37.52244701,"강남구",1
"1147",1147,127.0334597,37.52307144,"강남구",1
"1148",1148,127.0335198,37.52180859,"강남구",1
"1149",1149,127.0335353,37.52890523,"강남구",1
"1150",1150,127.0339709,37.5289185,"강남구",1
"1151",1151,127.0339709,37.5289185,"강남구",1
"1152",1152,127.0332912,37.52232746,"강남구",1
"1153",1153,127.0330764,37.52295638,"강남구",1
"1154",1154,127.0330412,37.52312908,"강남구",1
"1155",1155,127.0330412,37.52312908,"강남구",1
"1156",1156,127.0329709,37.52347288,"강남구",1
"1157",1157,127.0329275,37.52395528,"강남구",1
"1158",1158,127.0329469,37.52438314,"강남구",1
"1159",1159,127.0331412,37.52587777,"강남구",1
"1160",1160,127.0331519,37.52595986,"강남구",1
"1161",1161,127.0331519,37.52595986,"강남구",1
"1162",1162,127.0332075,37.52638563,"강남구",1
"1163",1163,127.0333689,37.52758144,"강남구",1
"1164",1164,127.0333873,37.527717,"강남구",1
"1165",1165,127.0333873,37.527717,"강남구",1
"1166",1166,127.0334808,37.52840371,"강남구",1
"1167",1167,127.0310516,37.53428668,"강남구",1
"1168",1168,127.0318437,37.53407549,"강남구",1
"1169",1169,127.0275222,37.53441604,"강남구",1
"1170",1170,127.0287943,37.53455727,"강남구",1
"1171",1171,127.0296109,37.53453466,"강남구",1
"1172",1172,127.0298911,37.53450521,"강남구",1
"1173",1173,127.0310516,37.53428668,"강남구",1
"1174",1174,127.0276976,37.53444763,"강남구",1
"1175",1175,127.0285832,37.53455151,"강남구",1
"1176",1176,127.0324105,37.533876,"강남구",1
"1177",1177,127.0324105,37.533876,"강남구",1
"1178",1178,127.0347806,37.53482803,"강남구",1
"1179",1179,127.0348846,37.53492234,"강남구",1
"1180",1180,127.0348748,37.53501572,"강남구",1
"1181",1181,127.0348802,37.53515492,"강남구",1
"1182",1182,127.0348913,37.53529328,"강남구",1
"1183",1183,127.0345008,37.53520707,"강남구",1
"1184",1184,127.0344727,37.53510788,"강남구",1
"1185",1185,127.0344237,37.53498108,"강남구",1
"1186",1186,127.0343857,37.53490827,"강남구",1
"1187",1187,127.0345582,37.53554367,"강남구",1
"1188",1188,127.0365004,37.5327976,"강남구",1
"1189",1189,127.0358015,37.53297435,"강남구",1
"1190",1190,127.0365004,37.5327976,"강남구",1
"1191",1191,127.0352227,37.53314242,"강남구",1
"1192",1192,127.0358015,37.53297435,"강남구",1
"1193",1193,127.0352227,37.53314242,"강남구",1
"1194",1194,127.0373322,37.53256083,"강남구",1
"1195",1195,127.0379572,37.53234121,"강남구",1
"1196",1196,127.0373322,37.53256083,"강남구",1
"1197",1197,127.0334049,37.53362574,"강남구",1
"1198",1198,127.0345665,37.53354856,"강남구",1
"1199",1199,127.0343055,37.53373567,"강남구",1
"1200",1200,127.0341926,37.5335917,"강남구",1
"1201",1201,127.0341053,37.53344965,"강남구",1
"1202",1202,127.0341053,37.53344965,"강남구",1
"1203",1203,127.0334049,37.53362574,"강남구",1
"1204",1204,127.0345803,37.53322138,"강남구",1
"1205",1205,127.034168,37.53327522,"강남구",1
"1206",1206,127.034168,37.53327522,"강남구",1
"1207",1207,127.0234216,37.53340983,"강남구",1
"1208",1208,127.0229152,37.53394605,"강남구",1
"1209",1209,127.0224282,37.53463602,"강남구",1
"1210",1210,127.022507,37.53385608,"강남구",1
"1211",1211,127.0225501,37.53377237,"강남구",1
"1212",1212,127.0228599,37.53313366,"강남구",1
"1213",1213,127.0234147,37.53234731,"강남구",1
"1214",1214,127.0251486,37.53329321,"강남구",1
"1215",1215,127.0254614,37.53354728,"강남구",1
"1216",1216,127.0259548,37.53382092,"강남구",1
"1217",1217,127.0259548,37.53382092,"강남구",1
"1218",1218,127.0267766,37.53418905,"강남구",1
"1219",1219,127.0244421,37.53269269,"강남구",1
"1220",1220,127.0240938,37.53244843,"강남구",1
"1221",1221,127.024103,37.53237535,"강남구",1
"1222",1222,127.0244421,37.53269269,"강남구",1
"1223",1223,127.0267766,37.53418905,"강남구",1
"1224",1224,127.0236616,37.53225514,"강남구",1
"1225",1225,127.0240205,37.53229088,"강남구",1
"1226",1226,127.044634,37.53060551,"강남구",4
"1227",1227,127.0404751,37.53178199,"강남구",1
"1228",1228,127.0392044,37.53207038,"강남구",1
"1229",1229,127.0404751,37.53178199,"강남구",1
"1230",1230,127.0417481,37.53147364,"강남구",1
"1231",1231,127.0417481,37.53147364,"강남구",1
"1232",1232,127.0426392,37.53124397,"강남구",1
"1233",1233,127.0426392,37.53124397,"강남구",1
"1234",1234,127.0436326,37.53093342,"강남구",4
"1235",1235,127.0436326,37.53093342,"강남구",4
"1236",1236,127.0229722,37.53106651,"강남구",1
"1237",1237,127.0229722,37.53106651,"강남구",1
"1238",1238,127.0234259,37.5315839,"강남구",1
"1239",1239,127.0234259,37.5315839,"강남구",1
"1240",1240,127.0237381,37.53194888,"강남구",1
"1241",1241,127.023731,37.53161383,"강남구",1
"1242",1242,127.0239495,37.53183826,"강남구",1
"1243",1243,127.0239495,37.53183826,"강남구",1
"1244",1244,127.0163985,37.52600636,"강남구",1
"1245",1245,127.0193224,37.52840902,"강남구",1
"1246",1246,127.0195993,37.52859879,"강남구",1
"1247",1247,127.0162569,37.52494556,"강남구",1
"1248",1248,127.0155294,37.52471977,"강남구",1
"1249",1249,127.0155235,37.52473352,"강남구",1
"1250",1250,127.0155401,37.52476235,"강남구",1
"1251",1251,127.0155732,37.52479912,"강남구",1
"1252",1252,127.0155674,37.52481801,"강남구",1
"1253",1253,127.0157848,37.52465829,"강남구",1
"1254",1254,127.0162569,37.52494556,"강남구",1
"1255",1255,127.0174584,37.52565173,"강남구",1
"1256",1256,127.0174584,37.52565173,"강남구",1
"1257",1257,127.0224653,37.53045806,"강남구",1
"1258",1258,127.021187,37.52852182,"강남구",1
"1259",1259,127.0204491,37.52764862,"강남구",1
"1260",1260,127.0204739,37.52767485,"강남구",1
"1261",1261,127.021187,37.52852182,"강남구",1
"1262",1262,127.0218578,37.52954835,"강남구",1
"1263",1263,127.0224653,37.53045806,"강남구",1
"1264",1264,127.021187,37.52852182,"강남구",1
"1265",1265,127.0218578,37.52954835,"강남구",1
"1266",1266,127.0185216,37.52627074,"강남구",1
"1267",1267,127.0185216,37.52627074,"강남구",1
"1268",1268,127.0196275,37.52699465,"강남구",1
"1269",1269,127.0196275,37.52699465,"강남구",1
"1270",1270,127.0173442,37.52679254,"강남구",1
"1271",1271,127.0183201,37.52759082,"강남구",1
"1272",1272,127.0183201,37.52759082,"강남구",1
"1273",1273,127.0202275,37.52849908,"강남구",1
"1274",1274,127.0203713,37.52852968,"강남구",1
"1275",1275,127.0207233,37.52881559,"강남구",1
"1276",1276,127.0194044,37.52555402,"강남구",1
"1277",1277,127.0287802,37.52752147,"강남구",1
"1278",1278,127.0405213,37.52784235,"강남구",1
"1279",1279,127.0407611,37.5279798,"강남구",1
"1280",1280,127.0408975,37.52774808,"강남구",1
"1281",1281,127.040951,37.52792771,"강남구",1
"1282",1282,127.0208825,37.52350751,"강남구",1
"1283",1283,127.0209651,37.52354911,"강남구",1
"1284",1284,127.0195605,37.52287713,"강남구",1
"1285",1285,127.0193672,37.52281539,"강남구",1
"1286",1286,127.0167257,37.52347665,"강남구",1
"1287",1287,127.0166932,37.52348197,"강남구",1
"1288",1288,127.0210817,37.52360556,"강남구",1
"1289",1289,127.0210817,37.52360556,"강남구",1
"1290",1290,127.0221856,37.52417195,"강남구",1
"1291",1291,127.0223298,37.52424562,"강남구",1
"1292",1292,127.0224774,37.524321,"강남구",1
"1293",1293,127.0224774,37.524321,"강남구",1
"1294",1294,127.0237228,37.52494805,"강남구",1
"1295",1295,127.0237797,37.52497431,"강남구",1
"1296",1296,127.0238465,37.52500512,"강남구",1
"1297",1297,127.0241505,37.52515937,"강남구",1
"1298",1298,127.0241505,37.52515937,"강남구",1
"1299",1299,127.0262338,37.52621577,"강남구",1
"1300",1300,127.0262338,37.52621577,"강남구",1
"1301",1301,127.0280577,37.52715582,"강남구",1
"1302",1302,127.0320746,37.52903954,"강남구",1
"1303",1303,127.0307145,37.52853272,"강남구",1
"1304",1304,127.0301142,37.52822143,"강남구",1
"1305",1305,127.0301142,37.52822143,"강남구",1
"1306",1306,127.0312653,37.52876843,"강남구",1
"1307",1307,127.0325375,37.52916474,"강남구",1
"1308",1308,127.0327743,37.52922523,"강남구",1
"1309",1309,127.0335711,37.52915415,"강남구",1
"1310",1310,127.0340161,37.52918836,"강남구",1
"1311",1311,127.0353379,37.52927277,"강남구",1
"1312",1312,127.0353379,37.52927277,"강남구",1
"1313",1313,127.0362717,37.52911631,"강남구",1
"1314",1314,127.0392394,37.5283679,"강남구",1
"1315",1315,127.0369926,37.52890918,"강남구",1
"1316",1316,127.0420751,37.52763301,"강남구",1
"1317",1317,127.0166572,37.52350919,"강남구",1
"1318",1318,127.0191611,37.52279672,"강남구",1
"1319",1319,127.0190579,37.52279969,"강남구",1
"1320",1320,127.0185901,37.52285869,"강남구",1
"1321",1321,127.0174881,37.52299751,"강남구",1
"1322",1322,127.0173877,37.52301697,"강남구",1
"1323",1323,127.0173097,37.52304193,"강남구",1
"1324",1324,127.0172575,37.52307355,"강남구",1
"1325",1325,127.0171775,37.52312615,"강남구",1
"1326",1326,127.0171471,37.52315493,"강남구",1
"1327",1327,127.016959,37.52336093,"강남구",1
"1328",1328,127.0169148,37.52344556,"강남구",1
"1329",1329,127.0168704,37.52347266,"강남구",1
"1330",1330,127.0192807,37.52280403,"강남구",1
"1331",1331,127.0168961,37.52346799,"강남구",1
"1332",1332,127.0247614,37.53050959,"강남구",1
"1333",1333,127.0251994,37.53064173,"강남구",1
"1334",1334,127.0250482,37.53080703,"강남구",1
"1335",1335,127.0247605,37.53068097,"강남구",1
"1336",1336,127.0251342,37.53084473,"강남구",1
"1337",1337,127.0336058,37.52939526,"강남구",1
"1338",1338,127.0336058,37.52939526,"강남구",1
"1339",1339,127.0340529,37.52940864,"강남구",1
"1340",1340,127.0340529,37.52940864,"강남구",1
"1341",1341,127.0341711,37.53091913,"강남구",1
"1342",1342,127.0338179,37.53094511,"강남구",1
"1343",1343,127.0343429,37.53214703,"강남구",1
"1344",1344,127.0344124,37.53245531,"강남구",1
"1345",1345,127.0340761,37.53212739,"강남구",1
"1346",1346,127.0341978,37.53048875,"강남구",1
"1347",1347,127.0341489,37.52936223,"강남구",1
"1348",1348,127.0383074,37.52857298,"강남구",1
"1349",1349,127.0405871,37.5280275,"강남구",1
"1350",1350,127.0405871,37.5280275,"강남구",1
"1351",1351,127.041651,37.53059401,"강남구",1
"1352",1352,127.0397121,37.50771899,"강남구",1
"1353",1353,127.0397121,37.50771899,"강남구",1
"1354",1354,127.0400575,37.5073663,"강남구",1
"1355",1355,127.0416299,37.50556019,"강남구",2
"1356",1356,127.0417766,37.50519683,"강남구",2
"1357",1357,127.0410235,37.50636269,"강남구",1
"1358",1358,127.0414182,37.50590079,"강남구",1
"1359",1359,127.0421827,37.50435476,"강남구",2
"1360",1360,127.0422835,37.50413024,"강남구",2
"1361",1361,127.0422835,37.50413024,"강남구",2
"1362",1362,127.0433197,37.50194815,"강남구",2
"1363",1363,127.0432186,37.50215506,"강남구",2
"1364",1364,127.0445859,37.4992525,"강남구",2
"1365",1365,127.0448736,37.4987142,"강남구",2
"1366",1366,127.0448736,37.4987142,"강남구",2
"1367",1367,127.0449922,37.49846769,"강남구",2
"1368",1368,127.045116,37.4982032,"강남구",2
"1369",1369,127.045499,37.49729613,"강남구",2
"1370",1370,127.0462527,37.49570943,"강남구",2
"1371",1371,127.046539,37.49511126,"강남구",2
"1372",1372,127.0463488,37.49551331,"강남구",2
"1373",1373,127.0387484,37.50875514,"강남구",1
"1374",1374,127.0413165,37.5052749,"강남구",2
"1375",1375,127.0412723,37.50538988,"강남구",2
"1376",1376,127.038886,37.50861533,"강남구",1
"1377",1377,127.0418063,37.50422685,"강남구",2
"1378",1378,127.0418551,37.50412384,"강남구",2
"1379",1379,127.041914,37.50399944,"강남구",2
"1380",1380,127.0411025,37.50569736,"강남구",1
"1381",1381,127.040765,37.50609401,"강남구",1
"1382",1382,127.040765,37.50609401,"강남구",1
"1383",1383,127.0399809,37.50689415,"강남구",1
"1384",1384,127.0397282,37.50715385,"강남구",1
"1385",1385,127.0397282,37.50715385,"강남구",1
"1386",1386,127.0397282,37.50715385,"강남구",1
"1387",1387,127.0395607,37.50787505,"강남구",1
"1388",1388,127.0384574,37.50846637,"강남구",1
"1389",1389,127.0391596,37.50773187,"강남구",1
"1390",1390,127.0391596,37.50773187,"강남구",1
"1391",1391,127.0403986,37.50700891,"강남구",1
"1392",1392,127.0403986,37.50700891,"강남구",1
"1393",1393,127.0396332,37.50780033,"강남구",1
"1394",1394,127.0422331,37.50424268,"강남구",2
"1395",1395,127.042597,37.50257366,"강남구",2
"1396",1396,127.0428578,37.50290644,"강남구",2
"1397",1397,127.0429727,37.50267202,"강남구",2
"1398",1398,127.0428578,37.50290644,"강남구",2
"1399",1399,127.0425033,37.5027913,"강남구",2
"1400",1400,127.0441872,37.49913476,"강남구",2
"1401",1401,127.0441897,37.49906266,"강남구",2
"1402",1402,127.0441872,37.49913476,"강남구",2
"1403",1403,127.0440157,37.49954992,"강남구",2
"1404",1404,127.0435955,37.50042948,"강남구",2
"1405",1405,127.0432299,37.5012178,"강남구",2
"1406",1406,127.0431336,37.50142564,"강남구",2
"1407",1407,127.0431824,37.50132027,"강남구",2
"1408",1408,127.0429659,37.5017873,"강남구",2
"1409",1409,127.0428175,37.50210834,"강남구",2
"1410",1410,127.0427308,37.50227939,"강남구",2
"1411",1411,127.0427308,37.50227939,"강남구",2
"1412",1412,127.0431087,37.50239434,"강남구",2
"1413",1413,127.0444631,37.49857126,"강남구",2
"1414",1414,127.0435577,37.5014326,"강남구",2
"1415",1415,127.0435577,37.5014326,"강남구",2
"1416",1416,127.0464408,37.49435475,"강남구",2
"1417",1417,127.0464408,37.49435475,"강남구",2
"1418",1418,127.046835,37.49447898,"강남구",2
"1419",1419,127.0462078,37.49486982,"강남구",2
"1420",1420,127.0456355,37.49609229,"강남구",2
"1421",1421,127.0453394,37.49670804,"강남구",2
"1422",1422,127.0448437,37.49777516,"강남구",2
"1423",1423,127.044575,37.49832892,"강남구",2
"1424",1424,127.044575,37.49832892,"강남구",2
"1425",1425,127.0457256,37.49685158,"강남구",2
"1426",1426,127.0463,37.49561294,"강남구",2
"1427",1427,127.044524,37.49843867,"강남구",2
"1428",1428,127.0449291,37.49859978,"강남구",2
"1429",1429,127.0459498,37.4954064,"강남구",2
"1430",1430,127.0458995,37.49551122,"강남구",2
"1431",1431,127.0458599,37.49559387,"강남구",2
"1432",1432,127.0458599,37.49559387,"강남구",2
"1433",1433,127.1073005,37.47219225,"강남구",6
"1434",1434,127.1061674,37.47543151,"강남구",6
"1435",1435,127.1061674,37.47543151,"강남구",6
"1436",1436,127.1061674,37.47543151,"강남구",6
"1437",1437,127.1065034,37.47526678,"강남구",6
"1438",1438,127.10645,37.47424999,"강남구",6
"1439",1439,127.1064604,37.47544049,"강남구",6
"1440",1440,127.1064604,37.47544049,"강남구",6
"1441",1441,127.1070022,37.47214303,"강남구",6
"1442",1442,127.1070022,37.47214303,"강남구",6
"1443",1443,127.1070022,37.47214303,"강남구",6
"1444",1444,127.1071062,37.4729208,"강남구",6
"1445",1445,127.1071435,37.47216635,"강남구",6
"1446",1446,127.1080151,37.46956604,"강남구",6
"1447",1447,127.1079794,37.46859472,"강남구",6
"1448",1448,127.1070487,37.47196742,"강남구",6
"1449",1449,127.1075139,37.4713924,"강남구",6
"1450",1450,127.108497,37.46790619,"강남구",6
"1451",1451,127.1081919,37.46769557,"강남구",6
"1452",1452,127.0943857,37.49567097,"강남구",6
"1453",1453,127.0935434,37.49595059,"강남구",5
"1454",1454,127.0935434,37.49595059,"강남구",5
"1455",1455,127.0929982,37.49613538,"강남구",5
"1456",1456,127.0926111,37.49620798,"강남구",5
"1457",1457,127.0925222,37.49623648,"강남구",5
"1458",1458,127.0954666,37.4953024,"강남구",6
"1459",1459,127.0954666,37.4953024,"강남구",6
"1460",1460,127.0946564,37.49557753,"강남구",6
"1461",1461,127.082175,37.48869716,"강남구",5
"1462",1462,127.082175,37.48869716,"강남구",5
"1463",1463,127.081578,37.48851313,"강남구",5
"1464",1464,127.0817978,37.48847295,"강남구",5
"1465",1465,127.0821151,37.48842161,"강남구",5
"1466",1466,127.0820756,37.48857938,"강남구",5
"1467",1467,127.0821423,37.48867905,"강남구",5
"1468",1468,127.0823804,37.48726059,"강남구",5
"1469",1469,127.083193,37.48540411,"강남구",5
"1470",1470,127.0831597,37.48552278,"강남구",5
"1471",1471,127.0831597,37.48552278,"강남구",5
"1472",1472,127.0831657,37.48559805,"강남구",5
"1473",1473,127.083193,37.48540411,"강남구",5
"1474",1474,127.0898378,37.49620555,"강남구",5
"1475",1475,127.0875141,37.49796822,"강남구",5
"1476",1476,127.0875141,37.49796822,"강남구",5
"1477",1477,127.0859372,37.49852055,"강남구",5
"1478",1478,127.0867731,37.49823099,"강남구",5
"1479",1479,127.0882694,37.49787008,"강남구",5
"1480",1480,127.0885095,37.49775022,"강남구",5
"1481",1481,127.0883866,37.49783028,"강남구",5
"1482",1482,127.0886876,37.49760389,"강남구",5
"1483",1483,127.0886657,37.4976178,"강남구",5
"1484",1484,127.0892999,37.49737589,"강남구",5
"1485",1485,127.0892999,37.49737589,"강남구",5
"1486",1486,127.0923192,37.49635537,"강남구",5
"1487",1487,127.0913011,37.49672669,"강남구",5
"1488",1488,127.0913011,37.49672669,"강남구",5
"1489",1489,127.090235,37.49707868,"강남구",5
"1490",1490,127.0907824,37.49691081,"강남구",5
"1491",1491,127.0880857,37.49790793,"강남구",5
"1492",1492,127.0880857,37.49790793,"강남구",5
"1493",1493,127.0851653,37.49871541,"강남구",5
"1494",1494,127.085484,37.49866582,"강남구",5
"1495",1495,127.0880499,37.49737622,"강남구",5
"1496",1496,127.0880499,37.49737622,"강남구",5
"1497",1497,127.0828869,37.49942742,"강남구",5
"1498",1498,127.0828869,37.49942742,"강남구",5
"1499",1499,127.082253,37.49960589,"강남구",3
"1500",1500,127.082253,37.49960589,"강남구",3
"1501",1501,127.0815611,37.4997847,"강남구",3
"1502",1502,127.0814457,37.49969826,"강남구",3
"1503",1503,127.0814457,37.49969826,"강남구",3
"1504",1504,127.0815611,37.4997847,"강남구",3
"1505",1505,127.082941,37.48682036,"강남구",5
"1506",1506,127.082941,37.48682036,"강남구",5
"1507",1507,127.0826417,37.48750187,"강남구",5
"1508",1508,127.0830958,37.48629592,"강남구",5
"1509",1509,127.0815147,37.49886302,"강남구",3
"1510",1510,127.0847263,37.49889276,"강남구",5
"1511",1511,127.0844863,37.49896489,"강남구",5
"1512",1512,127.0844863,37.49896489,"강남구",5
"1513",1513,127.0839513,37.4991294,"강남구",5
"1514",1514,127.0834492,37.49926981,"강남구",5
"1515",1515,127.0808678,37.49977526,"강남구",3
"1516",1516,127.0808678,37.49977526,"강남구",3
"1517",1517,127.0800394,37.49912666,"강남구",3
"1518",1518,127.0806253,37.49908454,"강남구",3
"1519",1519,127.0801657,37.50014812,"강남구",3
"1520",1520,127.0801657,37.50014812,"강남구",3
"1521",1521,127.0810178,37.49992832,"강남구",3
"1522",1522,127.0801657,37.50014812,"강남구",3
"1523",1523,127.0808064,37.49121,"강남구",5
"1524",1524,127.0809497,37.49094016,"강남구",5
"1525",1525,127.0730449,37.4913424,"강남구",3
"1526",1526,127.0729693,37.49150776,"강남구",3
"1527",1527,127.0730449,37.4913424,"강남구",3
"1528",1528,127.0730449,37.4913424,"강남구",3
"1529",1529,127.0793638,37.49373518,"강남구",5
"1530",1530,127.0796789,37.49369145,"강남구",5
"1531",1531,127.0795016,37.49377682,"강남구",5
"1532",1532,127.0796246,37.49381398,"강남구",5
"1533",1533,127.0794268,37.49360999,"강남구",5
"1534",1534,127.075953,37.48664488,"강남구",5
"1535",1535,127.0757771,37.48665427,"강남구",5
"1536",1536,127.0755956,37.48671001,"강남구",5
"1537",1537,127.0754455,37.48684692,"강남구",5
"1538",1538,127.0815125,37.48864637,"강남구",5
"1539",1539,127.0820267,37.48902537,"강남구",5
"1540",1540,127.0821178,37.48882385,"강남구",5
"1541",1541,127.0814263,37.48882199,"강남구",5
"1542",1542,127.0742755,37.4890495,"강남구",3
"1543",1543,127.0743502,37.488901,"강남구",3
"1544",1544,127.0744519,37.4886991,"강남구",3
"1545",1545,127.0742302,37.48861538,"강남구",3
"1546",1546,127.0747603,37.48811805,"강남구",3
"1547",1547,127.0805976,37.49115012,"강남구",5
"1548",1548,127.0805976,37.49115012,"강남구",5
"1549",1549,127.0807305,37.49086934,"강남구",5
"1550",1550,127.0807305,37.49086934,"강남구",5
"1551",1551,127.0806715,37.49099403,"강남구",5
"1552",1552,127.0807305,37.49086934,"강남구",5
"1553",1553,127.0810204,37.49023694,"강남구",5
"1554",1554,127.0818055,37.48913394,"강남구",5
"1555",1555,127.0815454,37.4891158,"강남구",5
"1556",1556,127.0794945,37.49347556,"강남구",5
"1557",1557,127.0794945,37.49347556,"강남구",5
"1558",1558,127.0797399,37.49355395,"강남구",5
"1559",1559,127.0797399,37.49355395,"강남구",5
"1560",1560,127.0808827,37.49106634,"강남구",5
"1561",1561,127.081681,37.48937653,"강남구",5
"1562",1562,127.081681,37.48937653,"강남구",5
"1563",1563,127.0810756,37.49068423,"강남구",5
"1564",1564,127.0810756,37.49068423,"강남구",5
"1565",1565,127.0814864,37.48528229,"강남구",5
"1566",1566,127.0796391,37.4835621,"강남구",5
"1567",1567,127.0796391,37.4835621,"강남구",5
"1568",1568,127.0795959,37.48387954,"강남구",5
"1569",1569,127.0796463,37.48401344,"강남구",5
"1570",1570,127.0797653,37.48299984,"강남구",5
"1571",1571,127.0824317,37.48529125,"강남구",5
"1572",1572,127.0811109,37.48521699,"강남구",5
"1573",1573,127.0809087,37.4851296,"강남구",5
"1574",1574,127.0807224,37.48498723,"강남구",5
"1575",1575,127.0800611,37.48441606,"강남구",5
"1576",1576,127.0810483,37.48506198,"강남구",5
"1577",1577,127.0812303,37.48512385,"강남구",5
"1578",1578,127.083537,37.48413906,"강남구",5
"1579",1579,127.0837203,37.48444303,"강남구",5
"1580",1580,127.0837203,37.48444303,"강남구",5
"1581",1581,127.086072,37.48576678,"강남구",5
"1582",1582,127.086072,37.48576678,"강남구",5
"1583",1583,127.0863705,37.484567,"강남구",5
"1584",1584,127.0853447,37.48573865,"강남구",5
"1585",1585,127.086072,37.48576678,"강남구",5
"1586",1586,127.0855996,37.48586904,"강남구",5
"1587",1587,127.0848902,37.48580448,"강남구",5
"1588",1588,127.0839787,37.48565721,"강남구",5
"1589",1589,127.0835098,37.48545093,"강남구",5
"1590",1590,127.0834704,37.48557226,"강남구",5
"1591",1591,127.0835098,37.48545093,"강남구",5
"1592",1592,127.0834704,37.48557226,"강남구",5
"1593",1593,127.0835098,37.48545093,"강남구",5
"1594",1594,127.0798576,37.4832786,"강남구",5
"1595",1595,127.0797518,37.48385296,"강남구",5
"1596",1596,127.0798074,37.48398866,"강남구",5
"1597",1597,127.0800582,37.48423251,"강남구",5
"1598",1598,127.0808564,37.48492737,"강남구",5
"1599",1599,127.0865758,37.48353758,"강남구",5
"1600",1600,127.0865758,37.48353758,"강남구",5
"1601",1601,127.0865758,37.48353758,"강남구",5
"1602",1602,127.0797694,37.48268344,"강남구",5
"1603",1603,127.0797452,37.48280861,"강남구",5
"1604",1604,127.0797452,37.48280861,"강남구",5
"1605",1605,127.0837442,37.48314104,"강남구",5
"1606",1606,127.0837442,37.48314104,"강남구",5
"1607",1607,127.0818391,37.48283236,"강남구",5
"1608",1608,127.0825857,37.48297074,"강남구",5
"1609",1609,127.0800659,37.48261087,"강남구",5
"1610",1610,127.07979,37.48257641,"강남구",5
"1611",1611,127.07979,37.48257641,"강남구",5
"1612",1612,127.0800659,37.48261087,"강남구",5
"1613",1613,127.0865202,37.4837901,"강남구",5
"1614",1614,127.0865202,37.4837901,"강남구",5
"1615",1615,127.0865202,37.4837901,"강남구",5
"1616",1616,127.0865202,37.4837901,"강남구",5
"1617",1617,127.08369,37.48337294,"강남구",5
"1618",1618,127.08369,37.48337294,"강남구",5
"1619",1619,127.08369,37.48337294,"강남구",5
"1620",1620,127.0839649,37.48341632,"강남구",5
"1621",1621,127.0852565,37.48360038,"강남구",5
"1622",1622,127.0840146,37.4831762,"강남구",5
"1623",1623,127.0840146,37.4831762,"강남구",5
"1624",1624,127.0840146,37.4831762,"강남구",5
"1625",1625,127.0839649,37.48341632,"강남구",5
"1626",1626,127.0800136,37.48285044,"강남구",5
"1627",1627,127.0800136,37.48285044,"강남구",5
"1628",1628,127.0812273,37.48302188,"강남구",5
"1629",1629,127.0805983,37.4829598,"강남구",5
"1630",1630,127.0800136,37.48285044,"강남구",5
"1631",1631,127.0809595,37.48099153,"강남구",5
"1632",1632,127.0802013,37.48177955,"강남구",5
"1633",1633,127.0809227,37.48100253,"강남구",5
"1634",1634,127.0807252,37.48107902,"강남구",5
"1635",1635,127.0805867,37.48118725,"강남구",5
"1636",1636,127.0802625,37.48163459,"강남구",5
"1637",1637,127.0802013,37.48177955,"강남구",5
"1638",1638,127.0800291,37.48254038,"강남구",5
"1639",1639,127.0808763,37.48088787,"강남구",5
"1640",1640,127.0810069,37.48086099,"강남구",5
"1641",1641,127.0840761,37.48197946,"강남구",5
"1642",1642,127.0841877,37.48142492,"강남구",5
"1643",1643,127.0842187,37.4813062,"강남구",5
"1644",1644,127.0808763,37.48088787,"강남구",5
"1645",1645,127.0841877,37.48142492,"강남구",5
"1646",1646,127.0805329,37.4810527,"강남구",5
"1647",1647,127.0807096,37.48094213,"강남구",5
"1648",1648,127.0808763,37.48088787,"강남구",5
"1649",1649,127.083587,37.4812165,"강남구",5
"1650",1650,127.0842187,37.4813062,"강남구",5
"1651",1651,127.0810069,37.48086099,"강남구",5
"1652",1652,127.083587,37.4812165,"강남구",5
"1653",1653,127.0841877,37.48142492,"강남구",5
"1654",1654,127.0813535,37.48101447,"강남구",5
"1655",1655,127.0812691,37.4808808,"강남구",5
"1656",1656,127.0823084,37.48103189,"강남구",5
"1657",1657,127.0799224,37.48235256,"강남구",5
"1658",1658,127.0800538,37.48175747,"강남구",5
"1659",1659,127.080073,37.48167071,"강남구",5
"1660",1660,127.0801418,37.48155833,"강남구",5
"1661",1661,127.0799224,37.48235256,"강남구",5
"1662",1662,127.0800538,37.48175747,"강남구",5
"1663",1663,127.0868913,37.48221292,"강남구",5
"1664",1664,127.0866013,37.48167347,"강남구",5
"1665",1665,127.0867631,37.48285201,"강남구",5
"1666",1666,127.0868207,37.48200027,"강남구",5
"1667",1667,127.0866826,37.48185974,"강남구",5
"1668",1668,127.086492,37.48176085,"강남구",5
"1669",1669,127.0843844,37.48145448,"강남구",5
"1670",1670,127.0859205,37.48155249,"강남구",5
"1671",1671,127.0843844,37.48145448,"강남구",5
"1672",1672,127.0843844,37.48145448,"강남구",5
"1673",1673,127.0856115,37.48163206,"강남구",5
"1674",1674,127.0841411,37.48235485,"강남구",5
"1675",1675,127.1048926,37.48211717,"강남구",6
"1676",1676,127.1048926,37.48211717,"강남구",6
"1677",1677,127.1045975,37.48207092,"강남구",6
"1678",1678,127.1049501,37.481908,"강남구",6
"1679",1679,127.104552,37.48224744,"강남구",6
"1680",1680,127.1045311,37.48339514,"강남구",6
"1681",1681,127.1037794,37.48466367,"강남구",6
"1682",1682,127.104287,37.48317233,"강남구",6
"1683",1683,127.104287,37.48317233,"강남구",6
"1684",1684,127.1086013,37.47613128,"강남구",6
"1685",1685,127.1117396,37.47716201,"강남구",6
"1686",1686,127.1053865,37.48006221,"강남구",6
"1687",1687,127.1057669,37.47842552,"강남구",6
"1688",1688,127.1057376,37.4772831,"강남구",6
"1689",1689,127.1063804,37.47580455,"강남구",6
"1690",1690,127.1065484,37.4754573,"강남구",6
"1691",1691,127.1058196,37.47681261,"강남구",6
"1692",1692,127.1059738,37.47627411,"강남구",6
"1693",1693,127.1060847,37.47573158,"강남구",6
"1694",1694,127.106053,37.47582165,"강남구",6
"1695",1695,127.1143728,37.4782445,"강남구",6
"1696",1696,127.1143728,37.4782445,"강남구",6
"1697",1697,127.0461634,37.52637112,"강남구",4
"1698",1698,127.0457426,37.52663638,"강남구",4
"1699",1699,127.0468427,37.5255479,"강남구",4
"1700",1700,127.0474049,37.52449759,"강남구",4
"1701",1701,127.0554373,37.52379352,"강남구",4
"1702",1702,127.0554373,37.52379352,"강남구",4
"1703",1703,127.0572766,37.5203732,"강남구",4
"1704",1704,127.0464786,37.52609893,"강남구",4
"1705",1705,127.0464786,37.52609893,"강남구",4
"1706",1706,127.0471405,37.52499252,"강남구",4
"1707",1707,127.0547956,37.5261289,"강남구",4
"1708",1708,127.0549342,37.52585748,"강남구",4
"1709",1709,127.0408463,37.52757614,"강남구",1
"1710",1710,127.0406462,37.52762441,"강남구",1
"1711",1711,127.0438439,37.5271517,"강남구",4
"1712",1712,127.0438439,37.5271517,"강남구",4
"1713",1713,127.0454541,37.52673058,"강남구",4
"1714",1714,127.0454541,37.52673058,"강남구",4
"1715",1715,127.0558845,37.52742099,"강남구",4
"1716",1716,127.0562039,37.52813904,"강남구",4
"1717",1717,127.0559876,37.5282547,"강남구",4
"1718",1718,127.0557318,37.52789074,"강남구",4
"1719",1719,127.0556769,37.52780977,"강남구",4
"1720",1720,127.0555718,37.52752026,"강남구",4
"1721",1721,127.0552594,37.52695482,"강남구",4
"1722",1722,127.0555047,37.52690425,"강남구",4
"1723",1723,127.0553768,37.52699739,"강남구",4
"1724",1724,127.0553768,37.52699739,"강남구",4
"1725",1725,127.0552594,37.52695482,"강남구",4
"1726",1726,127.057424,37.52517927,"강남구",4
"1727",1727,127.0558141,37.52649729,"강남구",4
"1728",1728,127.0568178,37.52563749,"강남구",4
"1729",1729,127.0558141,37.52649729,"강남구",4
"1730",1730,127.0562554,37.52611236,"강남구",4
"1731",1731,127.0567594,37.52568165,"강남구",4
"1732",1732,127.0586372,37.5244896,"강남구",4
"1733",1733,127.0579722,37.52484592,"강남구",4
"1734",1734,127.0586372,37.5244896,"강남구",4
"1735",1735,127.0604236,37.52359821,"강남구",4
"1736",1736,127.0595019,37.52405644,"강남구",4
"1737",1737,127.0604236,37.52359821,"강남구",4
"1738",1738,127.0510132,37.52905804,"강남구",4
"1739",1739,127.0505738,37.52915639,"강남구",4
"1740",1740,127.0520158,37.52883363,"강남구",4
"1741",1741,127.0497371,37.5292885,"강남구",4
"1742",1742,127.055065,37.52715666,"강남구",4
"1743",1743,127.0547041,37.52759891,"강남구",4
"1744",1744,127.0545601,37.52772289,"강남구",4
"1745",1745,127.0531313,37.52850922,"강남구",4
"1746",1746,127.0539356,37.52812238,"강남구",4
"1747",1747,127.0539356,37.52812238,"강남구",4
"1748",1748,127.0531168,37.52851598,"강남구",4
"1749",1749,127.0460639,37.53017208,"강남구",4
"1750",1750,127.0460639,37.53017208,"강남구",4
"1751",1751,127.0475582,37.52981504,"강남구",4
"1752",1752,127.0475582,37.52981504,"강남구",4
"1753",1753,127.0489085,37.52948874,"강남구",4
"1754",1754,127.0632042,37.52186344,"강남구",4
"1755",1755,127.061393,37.52312376,"강남구",4
"1756",1756,127.062884,37.52225547,"강남구",4
"1757",1757,127.0632042,37.52186344,"강남구",4
"1758",1758,127.0632042,37.52186344,"강남구",4
"1759",1759,127.0622208,37.52270542,"강남구",4
"1760",1760,127.062884,37.52225547,"강남구",4
"1761",1761,127.061393,37.52312376,"강남구",4
"1762",1762,127.0622208,37.52270542,"강남구",4
"1763",1763,127.0624255,37.52227397,"강남구",4
"1764",1764,127.0624205,37.52229132,"강남구",4
"1765",1765,127.0624453,37.52229605,"강남구",4
"1766",1766,127.0438775,37.51782988,"강남구",4
"1767",1767,127.0438775,37.51782988,"강남구",4
"1768",1768,127.0450596,37.51803368,"강남구",4
"1769",1769,127.0464216,37.51828786,"강남구",4
"1770",1770,127.0481906,37.52451606,"강남구",4
"1771",1771,127.0487604,37.52457962,"강남구",4
"1772",1772,127.0502869,37.5247635,"강남구",4
"1773",1773,127.0502869,37.5247635,"강남구",4
"1774",1774,127.0503162,37.52459215,"강남구",4
"1775",1775,127.050188,37.52475062,"강남구",4
"1776",1776,127.0526863,37.52487821,"강남구",4
"1777",1777,127.0527781,37.52508964,"강남구",4
"1778",1778,127.0526481,37.52507092,"강남구",4
"1779",1779,127.0526481,37.52507092,"강남구",4
"1780",1780,127.0527781,37.52508964,"강남구",4
"1781",1781,127.0545829,37.52580647,"강남구",4
"1782",1782,127.0543969,37.52559613,"강남구",4
"1783",1783,127.0542622,37.52548456,"강남구",4
"1784",1784,127.0536285,37.5252643,"강남구",4
"1785",1785,127.0540833,37.52536872,"강남구",4
"1786",1786,127.0540833,37.52536872,"강남구",4
"1787",1787,127.056635,37.52020715,"강남구",4
"1788",1788,127.0569446,37.52028729,"강남구",4
"1789",1789,127.0569446,37.52028729,"강남구",4
"1790",1790,127.056304,37.52077653,"강남구",4
"1791",1791,127.0555538,37.52214481,"강남구",4
"1792",1792,127.0561612,37.52240847,"강남구",4
"1793",1793,127.0561612,37.52240847,"강남구",4
"1794",1794,127.0552444,37.52396012,"강남구",4
"1795",1795,127.0548741,37.52465551,"강남구",4
"1796",1796,127.0548098,37.52482981,"강남구",4
"1797",1797,127.0547646,37.52501087,"강남구",4
"1798",1798,127.0547482,37.52512671,"강남구",4
"1799",1799,127.0547788,37.52541542,"강남구",4
"1800",1800,127.0548165,37.52558837,"강남구",4
"1801",1801,127.0548653,37.52571532,"강남구",4
"1802",1802,127.0573712,37.52018139,"강남구",4
"1803",1803,127.0567413,37.5200088,"강남구",4
"1804",1804,127.0414791,37.51738509,"강남구",1
"1805",1805,127.0435995,37.51778354,"강남구",4
"1806",1806,127.0421279,37.51751377,"강남구",1
"1807",1807,127.0479578,37.51857086,"강남구",4
"1808",1808,127.0491925,37.51878938,"강남구",4
"1809",1809,127.0499165,37.51892402,"강남구",4
"1810",1810,127.0437318,37.51780559,"강남구",4
"1811",21827,127.0696434,37.50366485,"강남구",3
