"X","long","lat","지번주소","cluster"
11671,126.921258,37.54329328,"마포구",1
11672,126.9175011,37.54259943,"마포구",2
11673,126.9194781,37.54264942,"마포구",1
11674,126.9194781,37.54264942,"마포구",1
11675,126.9209188,37.54311638,"마포구",1
11676,126.9173409,37.5425998,"마포구",2
11677,126.9273677,37.54084582,"마포구",1
11678,126.926905,37.53963023,"마포구",1
11679,126.9236044,37.56008247,"마포구",2
11680,126.9439445,37.53794497,"마포구",1
11681,126.9439598,37.53794101,"마포구",1
11682,126.9439248,37.53793767,"마포구",1
11683,126.9438107,37.53834838,"마포구",1
11684,126.9437013,37.53829078,"마포구",1
11685,126.9436789,37.53819739,"마포구",1
11686,126.943673,37.53817123,"마포구",1
11687,126.9436422,37.53814787,"마포구",1
11688,126.9436751,37.53826234,"마포구",1
11689,126.9443765,37.53874698,"마포구",1
11690,126.942359,37.5374782,"마포구",1
11691,126.9428863,37.53773482,"마포구",1
11692,126.9428671,37.53772922,"마포구",1
11693,126.9427986,37.53773956,"마포구",1
11694,126.9427788,37.537734,"마포구",1
11695,126.9427539,37.53771334,"마포구",1
11696,126.9426583,37.53764201,"마포구",1
11697,126.9431576,37.53750225,"마포구",1
11698,126.9425376,37.53622545,"마포구",1
11699,126.9413538,37.53635178,"마포구",1
11700,126.9419102,37.53683607,"마포구",1
11701,126.942255,37.53634518,"마포구",1
11702,126.9427551,37.53560089,"마포구",1
11703,126.9427551,37.53560089,"마포구",1
11704,126.9429457,37.53511534,"마포구",1
11705,126.9413538,37.53635178,"마포구",1
11706,126.9420022,37.53652847,"마포구",1
11707,126.9421075,37.53651474,"마포구",1
11708,126.9423829,37.53640158,"마포구",1
11709,126.9425376,37.53622545,"마포구",1
11710,126.9414127,37.53690982,"마포구",1
11711,126.9413903,37.5369059,"마포구",1
11712,126.9413249,37.53691333,"마포구",1
11713,126.9412996,37.5369065,"마포구",1
11714,126.9412467,37.53685754,"마포구",1
11715,126.9411404,37.53676517,"마포구",1
11716,126.9410312,37.5366911,"마포구",1
11717,126.9428417,37.5357832,"마포구",1
11718,126.9428426,37.53563667,"마포구",1
11719,126.9429457,37.53511534,"마포구",1
11720,126.9445361,37.53411279,"마포구",1
11721,126.9445361,37.53411279,"마포구",1
11722,126.9422812,37.53694099,"마포구",1
11723,126.8944953,37.55518301,"마포구",4
11724,126.8973164,37.55319973,"마포구",4
11725,126.8956726,37.55435863,"마포구",4
11726,126.8965057,37.55376081,"마포구",4
11727,126.8973164,37.55319973,"마포구",4
11728,126.8992344,37.55186493,"마포구",2
11729,126.8997166,37.55230212,"마포구",2
11730,126.8956726,37.55435863,"마포구",4
11731,126.8962536,37.55487441,"마포구",4
11732,126.9000741,37.55126012,"마포구",2
11733,126.8992344,37.55186493,"마포구",2
11734,126.9000741,37.55126012,"마포구",2
11735,126.9013785,37.55106676,"마포구",2
11736,126.8962536,37.55487441,"마포구",4
11737,126.8939681,37.55555343,"마포구",4
11738,126.8944953,37.55518301,"마포구",4
11739,126.8951167,37.55474785,"마포구",4
11740,126.8983772,37.55246206,"마포구",2
11741,126.8992344,37.55186493,"마포구",2
11742,126.8979272,37.55375862,"마포구",4
11743,126.8979272,37.55375862,"마포구",4
11744,126.8973164,37.55319973,"마포구",4
11745,126.8943041,37.55681916,"마포구",4
11746,126.8940251,37.55647366,"마포구",4
11747,126.8938772,37.55691955,"마포구",4
11748,126.8937855,37.55672882,"마포구",4
11749,126.893841,37.55631931,"마포구",4
11750,126.8939351,37.55644816,"마포구",4
11751,126.8940735,37.55663528,"마포구",4
11752,126.8940986,37.55665902,"마포구",4
11753,126.8942248,37.55675124,"마포구",4
11754,126.8942453,37.55677034,"마포구",4
11755,126.8942468,37.5567844,"마포구",4
11756,126.8942068,37.55688592,"마포구",4
11757,126.8942084,37.55691043,"마포구",4
11758,126.8943041,37.55681916,"마포구",4
11759,126.8938161,37.55617745,"마포구",4
11760,126.8938161,37.55617745,"마포구",4
11761,126.8956501,37.55958294,"마포구",4
11762,126.895593,37.55919864,"마포구",4
11763,126.8956501,37.55958294,"마포구",4
11764,126.8951585,37.5589897,"마포구",4
11765,126.8951396,37.55897071,"마포구",4
11766,126.8951094,37.55896273,"마포구",4
11767,126.8950058,37.55894586,"마포구",4
11768,126.8949868,37.55892902,"마포구",4
11769,126.8948272,37.55854563,"마포구",4
11770,126.8942666,37.55751851,"마포구",4
11771,126.8941577,37.5573513,"마포구",4
11772,126.8941356,37.55733499,"마포구",4
11773,126.894025,37.55733141,"마포구",4
11774,126.8940104,37.55732234,"마포구",4
11775,126.8948721,37.55798718,"마포구",4
11776,126.894944,37.558082,"마포구",4
11777,126.8950795,37.55820928,"마포구",4
11778,126.8951015,37.55823808,"마포구",4
11779,126.8950926,37.55827737,"마포구",4
11780,126.8950687,37.55833397,"마포구",4
11781,126.8950744,37.55835456,"마포구",4
11782,126.8942908,37.55705121,"마포구",4
11783,126.8943531,37.55695752,"마포구",4
11784,126.8942908,37.55705121,"마포구",4
11785,126.8942908,37.55705121,"마포구",4
11786,126.8939962,37.5572458,"마포구",4
11787,126.893956,37.55709585,"마포구",4
11788,126.8928153,37.55512414,"마포구",4
11789,126.8911206,37.55231752,"마포구",4
11790,126.8925704,37.5542179,"마포구",4
11791,126.8933845,37.5559848,"마포구",4
11792,126.893305,37.55647764,"마포구",4
11793,126.8933857,37.5563953,"마포구",4
11794,126.8933857,37.5563953,"마포구",4
11795,126.8932563,37.55605737,"마포구",4
11796,126.8933845,37.5559848,"마포구",4
11797,126.8934936,37.55624539,"마포구",4
11798,126.89358,37.55582715,"마포구",4
11799,126.8924394,37.55662435,"마포구",4
11800,126.8925797,37.5565143,"마포구",4
11801,126.8930541,37.55618885,"마포구",4
11802,126.8930541,37.55618885,"마포구",4
11803,126.8923436,37.55670318,"마포구",4
11804,126.9114495,37.55436328,"마포구",2
11805,126.9115542,37.55420406,"마포구",2
11806,126.9057159,37.5575954,"마포구",2
11807,126.9056588,37.55758376,"마포구",2
11808,126.9057689,37.55760635,"마포구",2
11809,126.904435,37.55733384,"마포구",2
11810,126.9043421,37.55731375,"마포구",2
11811,126.9043421,37.55731375,"마포구",2
11812,126.9023508,37.55689806,"마포구",2
11813,126.9023792,37.55690367,"마포구",2
11814,126.9030367,37.55703934,"마포구",2
11815,126.9027228,37.55697157,"마포구",2
11816,126.9031456,37.55706253,"마포구",2
11817,126.9030912,37.55705112,"마포구",2
11818,126.9023222,37.55689218,"마포구",2
11819,126.9043929,37.55715694,"마포구",2
11820,126.904491,37.55717639,"마포구",2
11821,126.8990276,37.55620567,"마포구",4
11822,126.9002678,37.5564618,"마포구",4
11823,126.901658,37.55675521,"마포구",2
11824,126.9003197,37.55647305,"마포구",4
11825,126.9003744,37.55648404,"마포구",4
11826,126.9017067,37.55676548,"마포구",2
11827,126.9017665,37.55677779,"마포구",2
11828,126.904508,37.55734989,"마포구",2
11829,126.9045669,37.55719186,"마포구",2
11830,126.8989173,37.55618289,"마포구",4
11831,126.8972508,37.55583517,"마포구",4
11832,126.8987452,37.556147,"마포구",4
11833,126.8971875,37.55570576,"마포구",4
11834,126.8987893,37.55442354,"마포구",4
11835,126.9020363,37.5622705,"마포구",4
11836,126.9079806,37.55807585,"마포구",2
11837,126.9079806,37.55807585,"마포구",2
11838,126.907483,37.55796285,"마포구",2
11839,126.9080225,37.55800332,"마포구",2
11840,126.9256653,37.54490333,"마포구",1
11841,126.9254905,37.54468307,"마포구",1
11842,126.9257766,37.54460104,"마포구",1
11843,126.9257711,37.54423573,"마포구",1
11844,126.9257711,37.54423573,"마포구",1
11845,126.9257711,37.54423573,"마포구",1
11846,126.9243463,37.54426147,"마포구",1
11847,126.9250303,37.54431647,"마포구",1
11848,126.9228538,37.54397753,"마포구",1
11849,126.9231368,37.54406432,"마포구",1
11850,126.9243463,37.54426147,"마포구",1
11851,126.9218631,37.543625,"마포구",1
11852,126.9228538,37.54397753,"마포구",1
11853,126.9017857,37.57587524,"마포구",4
11854,126.9017857,37.57587524,"마포구",4
11855,126.900668,37.57413318,"마포구",4
11856,126.900676,37.57414323,"마포구",4
11857,126.9010687,37.57511642,"마포구",4
11858,126.9010687,37.57511642,"마포구",4
11859,126.9010687,37.57511642,"마포구",4
11860,126.9005877,37.57458623,"마포구",4
11861,126.9005877,37.57458623,"마포구",4
11862,126.9005877,37.57458623,"마포구",4
11863,126.9006316,37.57498659,"마포구",4
11864,126.9006316,37.57498659,"마포구",4
11865,126.9006316,37.57498659,"마포구",4
11866,126.9004409,37.57359762,"마포구",4
11867,126.9004409,37.57359762,"마포구",4
11868,126.9002368,37.57418118,"마포구",4
11869,126.9002368,37.57418118,"마포구",4
11870,126.8999878,37.57429139,"마포구",4
11871,126.8921153,37.56572452,"마포구",4
11872,126.8920012,37.5656051,"마포구",4
11873,126.8893944,37.56164157,"마포구",4
11874,126.8892971,37.56184009,"마포구",4
11875,126.8892736,37.56201042,"마포구",4
11876,126.8892993,37.5621599,"마포구",4
11877,126.8893572,37.56229358,"마포구",4
11878,126.8896153,37.56263021,"마포구",4
11879,126.8902872,37.56342129,"마포구",4
11880,126.8906022,37.56388402,"마포구",4
11881,126.8909803,37.56444964,"마포구",4
11882,126.8913013,37.56482703,"마포구",4
11883,126.8920012,37.5656051,"마포구",4
11884,126.8921847,37.56579747,"마포구",4
11885,126.8927599,37.56644304,"마포구",4
11886,126.8887845,37.56021026,"마포구",4
11887,126.8890723,37.5601178,"마포구",4
11888,126.8894326,37.5601601,"마포구",4
11889,126.8897485,37.56004794,"마포구",4
11890,126.889954,37.55980106,"마포구",4
11891,126.8899519,37.55957407,"마포구",4
11892,126.8927685,37.55965438,"마포구",4
11893,126.8925953,37.5595425,"마포구",4
11894,126.8902507,37.55935049,"마포구",4
11895,126.8906674,37.55915712,"마포구",4
11896,126.8911633,37.55915377,"마포구",4
11897,126.8917223,37.55918095,"마포구",4
11898,126.8920643,37.55908158,"마포구",4
11899,126.8920643,37.55908158,"마포구",4
11900,126.8920643,37.55908158,"마포구",4
11901,126.8919856,37.55756817,"마포구",4
11902,126.8920047,37.55731348,"마포구",4
11903,126.8921246,37.55700248,"마포구",4
11904,126.8926471,37.55862407,"마포구",4
11905,126.8923267,37.55835244,"마포구",4
11906,126.8921246,37.55700248,"마포구",4
11907,126.8929138,37.5588054,"마포구",4
11908,126.8926471,37.55862407,"마포구",4
11909,126.8922387,37.55824713,"마포구",4
11910,126.8921079,37.55805208,"마포구",4
11911,126.8920026,37.55773069,"마포구",4
11912,126.8936546,37.55937258,"마포구",4
11913,126.8933948,37.55916572,"마포구",4
11914,126.8832854,37.57386316,"마포구",3
11915,126.8831679,37.57409471,"마포구",3
11916,126.8822884,37.57474398,"마포구",3
11917,126.8808495,37.57768411,"마포구",3
11918,126.8800555,37.57812099,"마포구",3
11919,126.8790297,37.57871997,"마포구",3
11920,126.8786782,37.57896721,"마포구",3
11921,126.8663602,37.57628223,"마포구",3
11922,126.8659062,37.57596189,"마포구",3
11923,126.8663991,37.57617558,"마포구",3
11924,126.8619096,37.57552215,"마포구",3
11925,126.8622595,37.57534577,"마포구",3
11926,126.8625305,37.5751764,"마포구",3
11927,126.8619096,37.57552215,"마포구",3
11928,126.8626098,37.57513351,"마포구",3
11929,126.862768,37.57507752,"마포구",3
11930,126.8628955,37.57510023,"마포구",3
11931,126.8630942,37.57522938,"마포구",3
11932,126.8632529,37.57528248,"마포구",3
11933,126.8633308,37.57524415,"마포구",3
11934,126.8633308,37.57524415,"마포구",3
11935,126.8598679,37.56804447,"마포구",3
11936,126.8596656,37.56780442,"마포구",3
11937,126.8595701,37.56768667,"마포구",3
11938,126.8598248,37.56742798,"마포구",3
11939,126.8601933,37.56798434,"마포구",3
11940,126.8604206,37.56829497,"마포구",3
11941,126.8945113,37.55980575,"마포구",4
11942,126.8939348,37.5595354,"마포구",4
11943,126.8945113,37.55980575,"마포구",4
11944,126.8941238,37.56008471,"마포구",4
11945,126.8936378,37.55989643,"마포구",4
11946,126.8941238,37.56008471,"마포구",4
11947,126.8612703,37.57594509,"마포구",3
11948,126.8612801,37.57591684,"마포구",3
11949,126.8615024,37.57578786,"마포구",3
11950,126.8839638,37.58235713,"마포구",3
11951,126.891316,37.5791755,"마포구",3
11952,126.8917663,37.57775897,"마포구",4
11953,126.8928874,37.57702017,"마포구",4
11954,126.8974023,37.57402684,"마포구",4
11955,126.8878267,37.57349499,"마포구",3
11956,126.886846,37.57413331,"마포구",3
11957,126.8867968,37.57416848,"마포구",3
11958,126.8867757,37.5742003,"마포구",3
11959,126.8867716,37.57426825,"마포구",3
11960,126.8872083,37.57468028,"마포구",3
11961,126.8867968,37.57416848,"마포구",3
11962,126.8898621,37.57728411,"마포구",3
11963,126.8830808,37.58087701,"마포구",3
11964,126.88262,37.58093485,"마포구",3
11965,126.8822086,37.58104082,"마포구",3
11966,126.8817463,37.58123472,"마포구",3
11967,126.8814044,37.58131243,"마포구",3
11968,126.8810783,37.58133686,"마포구",3
11969,126.879651,37.58075804,"마포구",3
11970,126.8795409,37.58077961,"마포구",3
11971,126.8791672,37.58106165,"마포구",3
11972,126.8822322,37.57845406,"마포구",3
11973,126.8823784,37.57864585,"마포구",3
11974,126.8824225,37.57877842,"마포구",3
11975,126.8823465,37.57912572,"마포구",3
11976,126.8822095,37.57927714,"마포구",3
11977,126.8820958,37.57935367,"마포구",3
11978,126.880688,37.5812772,"마포구",3
11979,126.8839482,37.58441751,"마포구",3
11980,126.8786253,37.58130449,"마포구",3
11981,126.878819,37.58140573,"마포구",3
11982,126.880495,37.58263762,"마포구",3
11983,126.8775732,37.58111545,"마포구",3
11984,126.8786253,37.58130449,"마포구",3
11985,126.8860273,37.58398633,"마포구",3
11986,126.8857721,37.58410524,"마포구",3
11987,126.8946749,37.57932861,"마포구",4
11988,126.884931,37.58452794,"마포구",3
11989,126.8854626,37.58424943,"마포구",3
11990,126.8878579,37.58314853,"마포구",3
11991,126.8867819,37.58364931,"마포구",3
11992,126.8850687,37.5829975,"마포구",3
11993,126.8862531,37.58265803,"마포구",3
11994,126.8852612,37.5815836,"마포구",3
11995,126.8852612,37.5815836,"마포구",3
11996,126.8862531,37.58265803,"마포구",3
11997,126.8852612,37.5815836,"마포구",3
11998,126.8853466,37.58177579,"마포구",3
11999,126.884928,37.58179247,"마포구",3
12000,126.8864427,37.58289504,"마포구",3
12001,126.8869446,37.58333852,"마포구",3
12002,126.8870913,37.58342647,"마포구",3
12003,126.8852612,37.5815836,"마포구",3
12004,126.8879723,37.58008645,"마포구",3
12005,126.8890414,37.58108358,"마포구",3
12006,126.889982,37.58205671,"마포구",3
12007,126.8927274,37.58050453,"마포구",3
12008,126.8907685,37.57859949,"마포구",3
12009,126.8906448,37.57848722,"마포구",3
12010,126.8905624,37.57844066,"마포구",3
12011,126.8908687,37.57826633,"마포구",3
12012,126.890963,37.57841534,"마포구",3
12013,126.8913958,37.57888079,"마포구",3
12014,126.8926479,37.580118,"마포구",3
12015,126.892604,37.57723553,"마포구",4
12016,126.892604,37.57723553,"마포구",4
12017,126.894464,37.5790674,"마포구",4
12018,126.8943487,37.57927833,"마포구",4
12019,126.8926365,37.57763575,"마포구",4
12020,126.8923624,37.57738438,"마포구",4
12021,126.8923624,37.57738438,"마포구",4
12022,126.8932997,37.57790989,"마포구",4
12023,126.894464,37.5790674,"마포구",4
12024,126.8923624,37.57738438,"마포구",4
12025,126.892604,37.57723553,"마포구",4
12026,126.8905814,37.57799471,"마포구",3
12027,126.8925137,37.57712997,"마포구",4
12028,126.890303,37.57815931,"마포구",3
12029,126.8824041,37.58328264,"마포구",3
12030,126.890303,37.57815931,"마포구",3
12031,126.8849857,37.58130709,"마포구",3
12032,126.887506,37.57983556,"마포구",3
12033,126.892087,37.57710363,"마포구",4
12034,126.8923395,37.57694085,"마포구",4
12035,126.8820465,37.58306056,"마포구",3
12036,126.8824041,37.58328264,"마포구",3
12037,126.8905814,37.57799471,"마포구",3
12038,126.892087,37.57710363,"마포구",4
12039,126.8879829,37.57954499,"마포구",3
12040,126.8886644,37.57918445,"마포구",3
12041,126.8898916,37.57846482,"마포구",3
12042,126.8902752,37.57820224,"마포구",3
12043,126.8847121,37.58145391,"마포구",3
12044,126.8905814,37.57799471,"마포구",3
12045,126.8910792,37.57767524,"마포구",3
12046,126.892087,37.57710363,"마포구",4
12047,126.8820465,37.58306056,"마포구",3
12048,126.8843578,37.58165749,"마포구",3
12049,126.8923395,37.57694085,"마포구",4
12050,126.8849857,37.58130709,"마포구",3
12051,126.8857499,37.58090237,"마포구",3
12052,126.8862639,37.58056239,"마포구",3
12053,126.8867573,37.58030979,"마포구",3
12054,126.887327,37.57993266,"마포구",3
12055,126.8824041,37.58328264,"마포구",3
12056,126.890303,37.57815931,"마포구",3
12057,126.8924329,37.57692878,"마포구",4
12058,126.8868512,37.58068422,"마포구",3
12059,126.8877651,37.58011469,"마포구",3
12060,126.8877651,37.58011469,"마포구",3
12061,126.8877651,37.58011469,"마포구",3
12062,126.8882622,37.57982541,"마포구",3
12063,126.8882622,37.57982541,"마포구",3
12064,126.8884814,37.57969909,"마포구",3
12065,126.8888842,37.57942285,"마포구",3
12066,126.8913018,37.57799982,"마포구",3
12067,126.891215,37.57585773,"마포구",4
12068,126.8882676,37.57327251,"마포구",3
12069,126.8901078,37.57513278,"마포구",4
12070,126.8900873,37.57472041,"마포구",4
12071,126.8902234,37.57484834,"마포구",4
12072,126.8901078,37.57513278,"마포구",4
12073,126.8898377,37.57486769,"마포구",4
12074,126.8891071,37.57409943,"마포구",3
12075,126.888236,37.57326125,"마포구",3
12076,126.8881823,37.5732548,"마포구",3
12077,126.8881199,37.57326471,"마포구",3
12078,126.8881199,37.57326471,"마포구",3
12079,126.891326,37.57632094,"마포구",4
12080,126.8904489,37.57541624,"마포구",4
12081,126.8901078,37.57513278,"마포구",4
12082,126.8884293,37.57314294,"마포구",3
12083,126.8897112,37.57439782,"마포구",4
12084,126.8900873,37.57472041,"마포구",4
12085,126.8919636,37.57659726,"마포구",4
12086,126.8903528,37.57497243,"마포구",4
12087,126.8883758,37.57581838,"마포구",3
12088,126.8883758,37.57581838,"마포구",3
12089,126.8883758,37.57581838,"마포구",3
12090,126.8884068,37.5762326,"마포구",3
12091,126.8884068,37.5762326,"마포구",3
12092,126.8867823,37.57431188,"마포구",3
12093,126.8868573,37.57438167,"마포구",3
12094,126.8879966,37.57550047,"마포구",3
12095,126.8886453,37.57608975,"마포구",3
12096,126.8891132,37.57660413,"마포구",3
12097,126.8881405,37.57597245,"마포구",3
12098,126.8877246,37.57552356,"마포구",3
12099,126.8868812,37.57469018,"마포구",3
12100,126.8881405,37.57597245,"마포구",3
12101,126.8899174,37.5777247,"마포구",3
12102,126.8892108,37.57698035,"마포구",3
12103,126.8884068,37.5762326,"마포구",3
12104,126.8802579,37.58109513,"마포구",3
12105,126.8799689,37.58085791,"마포구",3
12106,126.8798091,37.58077139,"마포구",3
12107,126.8801059,37.58075547,"마포구",3
12108,126.8803366,37.58095052,"마포구",3
12109,126.8805881,37.58107827,"마포구",3
12110,126.8808971,37.58115859,"마포구",3
12111,126.8811175,37.58118058,"마포구",3
12112,126.8812999,37.58117271,"마포구",3
12113,126.8814783,37.58114473,"마포구",3
12114,126.8816475,37.58109656,"마포구",3
12115,126.8821455,37.58089458,"마포구",3
12116,126.8826334,37.58076739,"마포구",3
12117,126.8829846,37.58072057,"마포구",3
12118,126.8832198,37.58070898,"마포구",3
12119,126.8834252,37.58070935,"마포구",3
12120,126.8837069,37.58068793,"마포구",3
12121,126.8840061,37.58063897,"마포구",3
12122,126.8842838,37.58056111,"마포구",3
12123,126.8846327,37.5804229,"마포구",3
12124,126.8849012,37.580267,"마포구",3
12125,126.8857252,37.57978752,"마포구",3
12126,126.8858454,37.57970634,"마포구",3
12127,126.8863238,37.57944248,"마포구",3
12128,126.8865827,37.57927757,"마포구",3
12129,126.886792,37.57911013,"마포구",3
12130,126.8869001,37.57895974,"마포구",3
12131,126.8871502,37.57866525,"마포구",3
12132,126.8872939,37.57839942,"마포구",3
12133,126.8874313,37.5780646,"마포구",3
12134,126.8874925,37.57778565,"마포구",3
12135,126.8875218,37.57738715,"마포구",3
12136,126.8874782,37.57708842,"마포구",3
12137,126.8874567,37.57683002,"마포구",3
12138,126.8875054,37.57664186,"마포구",3
12139,126.8875894,37.57648162,"마포구",3
12140,126.8877329,37.57632842,"마포구",3
12141,126.887937,37.57619324,"마포구",3
12142,126.8842853,37.58104625,"마포구",3
12143,126.8837067,37.58087289,"마포구",3
12144,126.8812874,37.57743344,"마포구",3
12145,126.8809181,37.5799677,"마포구",3
12146,126.887487,37.57373279,"마포구",3
12147,126.8871311,37.57395738,"마포구",3
12148,126.8878072,37.57304546,"마포구",3
12149,126.8838327,37.57554017,"마포구",3
12150,126.886557,37.57392827,"마포구",3
12151,126.8869107,37.57365229,"마포구",3
12152,126.8873781,37.57338873,"마포구",3
12153,126.8878072,37.57304546,"마포구",3
12154,126.8881083,37.57277057,"마포구",3
12155,126.8885049,37.57234047,"마포구",4
12156,126.8892018,37.57140171,"마포구",4
12157,126.8861669,37.5741591,"마포구",3
12158,126.8861669,37.5741591,"마포구",3
12159,126.8884151,37.5729889,"마포구",3
12160,126.8884151,37.5729889,"마포구",3
12161,126.8895708,37.57150874,"마포구",4
12162,126.8891507,37.57213136,"마포구",4
12163,126.8884151,37.5729889,"마포구",3
12164,126.8824288,37.57671931,"마포구",3
12165,126.8818267,37.57711084,"마포구",3
12166,126.884736,37.57535734,"마포구",3
12167,126.8824255,37.57893164,"마포구",3
12168,126.8800846,37.58046016,"마포구",3
12169,126.8800431,37.58055833,"마포구",3
12170,126.880065,37.58068498,"마포구",3
12171,126.8864014,37.57440279,"마포구",3
12172,126.8864014,37.57440279,"마포구",3
12173,126.8864014,37.57440279,"마포구",3
12174,126.8987621,37.57375458,"마포구",4
12175,126.8987621,37.57375458,"마포구",4
12176,126.8971022,37.57455065,"마포구",4
12177,126.8962146,37.57483662,"마포구",4
12178,126.8958265,37.57528125,"마포구",4
12179,126.8957182,37.57511898,"마포구",4
12180,126.8954916,37.57548015,"마포구",4
12181,126.8947295,37.57593116,"마포구",4
12182,126.8945736,37.57578887,"마포구",4
12183,126.8952767,37.57537232,"마포구",4
12184,126.893907,37.5764083,"마포구",4
12185,126.8933128,37.576755,"마포구",4
12186,126.8800888,37.57637641,"마포구",3
12187,126.8799945,37.57652089,"마포구",3
12188,126.8800182,37.57674839,"마포구",3
12189,126.880578,37.57740341,"마포구",3
12190,126.8807,37.57733142,"마포구",3
12191,126.880578,37.57740341,"마포구",3
12192,126.8807784,37.57728326,"마포구",3
12193,126.8810876,37.5771357,"마포구",3
12194,126.8796608,37.57797759,"마포구",3
12195,126.8800999,37.57768574,"마포구",3
12196,126.8805759,37.57732606,"마포구",3
12197,126.8682975,37.57259874,"마포구",3
12198,126.8655391,37.57556635,"마포구",3
12199,126.8656958,37.57546006,"마포구",3
12200,126.8825341,37.57184533,"마포구",3
12201,126.8828397,37.57219548,"마포구",3
12202,126.8831032,37.57255956,"마포구",3
12203,126.878533,37.56814203,"마포구",3
12204,126.8795229,37.56857177,"마포구",3
12205,126.8787448,37.56805397,"마포구",3
12206,126.8802894,37.56934024,"마포구",3
12207,126.8802894,37.56934024,"마포구",3
12208,126.879862,37.56895858,"마포구",3
12209,126.876421,37.56593166,"마포구",3
12210,126.8776796,37.56522508,"마포구",3
12211,126.8780192,37.56514481,"마포구",3
12212,126.8783726,37.56510266,"마포구",3
12213,126.876421,37.56593166,"마포구",3
12214,126.8766953,37.56572411,"마포구",3
12215,126.8772484,37.56540564,"마포구",3
12216,126.8776323,37.56523423,"마포구",3
12217,126.8780849,37.56608865,"마포구",3
12218,126.8780849,37.56608865,"마포구",3
12219,126.8781508,37.56675808,"마포구",3
12220,126.8781969,37.56657634,"마포구",3
12221,126.8798523,37.56495426,"마포구",3
12222,126.8803855,37.5647694,"마포구",3
12223,126.8809966,37.56446092,"마포구",3
12224,126.8803632,37.56477961,"마포구",3
12225,126.881193,37.56433056,"마포구",3
12226,126.8815966,37.56403962,"마포구",3
12227,126.8818811,37.5636968,"마포구",3
12228,126.8789346,37.56505431,"마포구",3
12229,126.8790512,37.56504172,"마포구",3
12230,126.8832131,37.56266691,"마포구",4
12231,126.8835269,37.56254277,"마포구",4
12232,126.8832131,37.56266691,"마포구",4
12233,126.8821202,37.56340109,"마포구",3
12234,126.8823563,37.56317108,"마포구",3
12235,126.8828067,37.56286391,"마포구",4
12236,126.8821202,37.56340109,"마포구",3
12237,126.875971,37.56640838,"마포구",3
12238,126.8742317,37.56691289,"마포구",3
12239,126.8743827,37.56681233,"마포구",3
12240,126.8733711,37.56759397,"마포구",3
12241,126.8736702,37.5673467,"마포구",3
12242,126.873877,37.56720121,"마포구",3
12243,126.8687094,37.57233247,"마포구",3
12244,126.8689607,37.57228859,"마포구",3
12245,126.8690708,37.57221371,"마포구",3
12246,126.8686548,37.57234392,"마포구",3
12247,126.8684508,37.5724662,"마포구",3
12248,126.8685631,37.57238221,"마포구",3
12249,126.8696803,37.57172316,"마포구",3
12250,126.8697238,37.57139546,"마포구",3
12251,126.8697238,37.57139546,"마포구",3
12252,126.8783751,37.56700893,"마포구",3
12253,126.8783751,37.56700893,"마포구",3
12254,126.8779889,37.56731362,"마포구",3
12255,126.8638033,37.57340312,"마포구",3
12256,126.8640145,37.57308923,"마포구",3
12257,126.8635834,37.57309273,"마포구",3
12258,126.8634164,37.57281857,"마포구",3
12259,126.8633705,37.57275963,"마포구",3
12260,126.8839935,37.56242543,"마포구",4
12261,126.8876362,37.56110692,"마포구",4
12262,126.8876362,37.56110692,"마포구",4
12263,126.8884426,37.56041021,"마포구",4
12264,126.887871,37.56070758,"마포구",4
12265,126.8878848,37.56064424,"마포구",4
12266,126.8881196,37.56055496,"마포구",4
12267,126.8868601,37.5607679,"마포구",4
12268,126.886935,37.56076075,"마포구",4
12269,126.8864244,37.5609205,"마포구",4
12270,126.8858417,37.56139112,"마포구",4
12271,126.8860075,37.56120931,"마포구",4
12272,126.8854445,37.56188581,"마포구",4
12273,126.8857425,37.56154616,"마포구",4
12274,126.8849395,37.5622221,"마포구",4
12275,126.8845849,37.56234228,"마포구",4
12276,126.8845849,37.56234228,"마포구",4
12277,126.8876689,37.56092198,"마포구",4
12278,126.8878113,37.56080273,"마포구",4
12279,126.8882493,37.56191126,"마포구",4
12280,126.8881201,37.5617309,"마포구",4
12281,126.8931786,37.5675341,"마포구",4
12282,126.8926119,37.56688592,"마포구",4
12283,126.8925807,37.5668502,"마포구",4
12284,126.8931786,37.5675341,"마포구",4
12285,126.8885486,37.56230083,"마포구",4
12286,126.888861,37.56268903,"마포구",4
12287,126.8891692,37.56294836,"마포구",4
12288,126.889871,37.56376717,"마포구",4
12289,126.8925401,37.56680452,"마포구",4
12290,126.8905423,37.56458299,"마포구",4
12291,126.889904,37.56379948,"마포구",4
12292,126.8934664,37.56716673,"마포구",4
12293,126.8936176,37.56724836,"마포구",4
12294,126.8874472,37.56104038,"마포구",4
12295,126.8871196,37.5611775,"마포구",4
12296,126.8872594,37.56112956,"마포구",4
12297,126.8870619,37.56112763,"마포구",4
12298,126.8871196,37.5611775,"마포구",4
12299,126.8871196,37.5611775,"마포구",4
12300,126.8898621,37.5629211,"마포구",4
12301,126.8719218,37.56912404,"마포구",3
12302,126.8712905,37.56962852,"마포구",3
12303,126.8715561,37.56951511,"마포구",3
12304,126.8718284,37.5692449,"마포구",3
12305,126.8712905,37.56962852,"마포구",3
12306,126.8730721,37.5682325,"마포구",3
12307,126.8747577,37.56665647,"마포구",3
12308,126.8750947,37.56659521,"마포구",3
12309,126.8750947,37.56659521,"마포구",3
12310,126.8755241,37.56655909,"마포구",3
12311,126.8649049,37.57417548,"마포구",3
12312,126.864844,37.5743472,"마포구",3
12313,126.8635103,37.57507843,"마포구",3
12314,126.8643127,37.57395044,"마포구",3
12315,126.8642987,37.57393579,"마포구",3
12316,126.8642838,37.57393122,"마포구",3
12317,126.8641654,37.57393238,"마포구",3
12318,126.8641404,37.5739289,"마포구",3
12319,126.8644856,37.5738485,"마포구",3
12320,126.86449,37.57386995,"마포구",3
12321,126.8652243,37.57381695,"마포구",3
12322,126.8645344,37.57372564,"마포구",3
12323,126.864547,37.57374246,"마포구",3
12324,126.8663997,37.57334484,"마포구",3
12325,126.8665382,37.57326681,"마포구",3
12326,126.8666934,37.57320784,"마포구",3
12327,126.8668381,37.57319587,"마포구",3
12328,126.8674556,37.57315397,"마포구",3
12329,126.8668381,37.57319587,"마포구",3
12330,126.8672223,37.57321635,"마포구",3
12331,126.8673459,37.573196,"마포구",3
12332,126.8674556,37.57315397,"마포구",3
12333,126.8662041,37.57349401,"마포구",3
12334,126.8660649,37.57358928,"마포구",3
12335,126.8656835,37.57375079,"마포구",3
12336,126.8659257,37.57366669,"마포구",3
12337,126.8653683,37.57377825,"마포구",3
12338,126.8655535,37.57376034,"마포구",3
12339,126.867874,37.57293616,"마포구",3
12340,126.8681046,37.57277249,"마포구",3
12341,126.8652643,37.57522684,"마포구",3
12342,126.8654735,37.5751947,"마포구",3
12343,126.8638215,37.57486912,"마포구",3
12344,126.8639763,37.57481664,"마포구",3
12345,126.8645553,37.57444801,"마포구",3
12346,126.864328,37.57460867,"마포구",3
12347,126.8645553,37.57444801,"마포구",3
12348,126.8644591,37.57415047,"마포구",3
12349,126.8644969,37.57433136,"마포구",3
12350,126.8644591,37.57415047,"마포구",3
12351,126.8644591,37.57415047,"마포구",3
12352,126.8650067,37.57400339,"마포구",3
12353,126.8640594,37.57377118,"마포구",3
12354,126.8645472,37.57376653,"마포구",3
12355,126.8660412,37.57583711,"마포구",3
12356,126.8694037,37.57206587,"마포구",3
12357,126.8692413,37.57214563,"마포구",3
12358,126.8694037,37.57206587,"마포구",3
12359,126.8706665,37.56990901,"마포구",3
12360,126.8706665,37.56990901,"마포구",3
12361,126.8709322,37.56975062,"마포구",3
12362,126.8722331,37.56871763,"마포구",3
12363,126.8725956,37.56850883,"마포구",3
12364,126.8725956,37.56850883,"마포구",3
12365,126.872897,37.56838595,"마포구",3
12366,126.8732158,37.56793772,"마포구",3
12367,126.8732158,37.56793772,"마포구",3
12368,126.8702852,37.57039563,"마포구",3
12369,126.8701788,37.57088687,"마포구",3
12370,126.8703327,37.57073813,"마포구",3
12371,126.8703411,37.57055893,"마포구",3
12372,126.869875,37.57112062,"마포구",3
12373,126.8702463,37.57024328,"마포구",3
12374,126.8702985,37.57016776,"마포구",3
12375,126.8612974,37.56947989,"마포구",3
12376,126.8629491,37.57218843,"마포구",3
12377,126.8629656,37.57172808,"마포구",3
12378,126.8623746,37.57141681,"마포구",3
12379,126.8617313,37.57054706,"마포구",3
12380,126.861276,37.56993293,"마포구",3
12381,126.8620104,37.57043767,"마포구",3
12382,126.8639906,37.57366152,"마포구",3
12383,126.86438,37.57357525,"마포구",3
12384,126.8644531,37.57365273,"마포구",3
12385,126.8810964,37.5829596,"마포구",3
12386,126.8817793,37.58330584,"마포구",3
12387,126.8819749,37.58341345,"마포구",3
12388,126.8819749,37.58341345,"마포구",3
12389,126.8843425,37.58469351,"마포구",3
12390,126.8855689,37.58602052,"마포구",3
12391,126.8855689,37.58602052,"마포구",3
12392,126.8853365,37.5858676,"마포구",3
12393,126.8854751,37.58595966,"마포구",3
12394,126.8838702,37.58479786,"마포구",3
12395,126.890223,37.57072939,"마포구",4
12396,126.9123692,37.55273652,"마포구",2
12397,126.9125981,37.55199295,"마포구",2
12398,126.9090342,37.55747849,"마포구",2
12399,126.9126193,37.5519239,"마포구",2
12400,126.9123575,37.55277436,"마포구",2
12401,126.909548,37.55689806,"마포구",2
12402,126.9095836,37.5568579,"마포구",2
12403,126.9104326,37.55591346,"마포구",2
12404,126.9096135,37.55682461,"마포구",2
12405,126.9119023,37.55424537,"마포구",2
12406,126.9118704,37.55430433,"마포구",2
12407,126.9119368,37.55417306,"마포구",2
12408,126.9123341,37.55285219,"마포구",2
12409,126.9123341,37.55285219,"마포구",2
12410,126.9104884,37.55585135,"마포구",2
12411,126.9111115,37.55517761,"마포구",2
12412,126.9105295,37.55580693,"마포구",2
12413,126.9111671,37.55511745,"마포구",2
12414,126.9112026,37.55507864,"마포구",2
12415,126.9117251,37.55450782,"마포구",2
12416,126.9117251,37.55450782,"마포구",2
12417,126.9117251,37.55450782,"마포구",2
12418,126.9130802,37.55042553,"마포구",2
12419,126.9126429,37.55184865,"마포구",2
12420,126.9126429,37.55184865,"마포구",2
12421,126.9130802,37.55042553,"마포구",2
12422,126.9130204,37.55063327,"마포구",2
12423,126.9126429,37.55184865,"마포구",2
12424,126.9090725,37.55743512,"마포구",2
12425,126.9142219,37.56611612,"마포구",2
12426,126.9136709,37.56593239,"마포구",2
12427,126.9145899,37.56661575,"마포구",2
12428,126.9151058,37.56684853,"마포구",2
12429,126.9130728,37.56573294,"마포구",2
12430,126.9146499,37.56631654,"마포구",2
12431,126.9132584,37.56620847,"마포구",2
12432,126.9155578,37.56678727,"마포구",2
12433,126.9146499,37.56631654,"마포구",2
12434,126.9142219,37.56611612,"마포구",2
12435,126.9150738,37.56683246,"마포구",2
12436,126.9145899,37.56661575,"마포구",2
12437,126.9154822,37.56707029,"마포구",2
12438,126.9158048,37.56729481,"마포구",2
12439,126.9150992,37.56654578,"마포구",2
12440,126.9158048,37.56729481,"마포구",2
12441,126.9154822,37.56707029,"마포구",2
12442,126.9159957,37.56781168,"마포구",2
12443,126.9161181,37.5675244,"마포구",2
12444,126.9161181,37.5675244,"마포구",2
12445,126.9163627,37.56726012,"마포구",2
12446,126.9163627,37.56726012,"마포구",2
12447,126.9160761,37.56706013,"마포구",2
12448,126.9159868,37.56701315,"마포구",2
12449,126.9138923,37.5663854,"마포구",2
12450,126.9139124,37.56639099,"마포구",2
12451,126.9087082,37.56490248,"마포구",2
12452,126.906481,37.56397697,"마포구",2
12453,126.9057834,37.56422682,"마포구",2
12454,126.9077571,37.56434765,"마포구",2
12455,126.9077571,37.56434765,"마포구",2
12456,126.906481,37.56397697,"마포구",2
12457,126.9050809,37.56356662,"마포구",4
12458,126.903214,37.56368055,"마포구",4
12459,126.9039773,37.56324316,"마포구",4
12460,126.9152257,37.55975136,"마포구",2
12461,126.9164673,37.56039569,"마포구",2
12462,126.9168208,37.56070511,"마포구",2
12463,126.9164038,37.56046351,"마포구",2
12464,126.9164038,37.56046351,"마포구",2
12465,126.9173378,37.56101472,"마포구",2
12466,126.9163796,37.56022846,"마포구",2
12467,126.9162276,37.56035466,"마포구",2
12468,126.9161803,37.56011191,"마포구",2
12469,126.9160513,37.56024582,"마포구",2
12470,126.9160513,37.56024582,"마포구",2
12471,126.9161208,37.56017367,"마포구",2
12472,126.9138407,37.55928652,"마포구",2
12473,126.9138407,37.55928652,"마포구",2
12474,126.9125518,37.55901733,"마포구",2
12475,126.9118642,37.55887653,"마포구",2
12476,126.9107639,37.55864608,"마포구",2
12477,126.9079073,37.55873629,"마포구",2
12478,126.9088855,37.55824733,"마포구",2
12479,126.9090976,37.55829328,"마포구",2
12480,126.9095418,37.55838859,"마포구",2
12481,126.9078776,37.55876931,"마포구",2
12482,126.90843,37.55815382,"마포구",2
12483,126.90843,37.55815382,"마포구",2
12484,126.9085032,37.55808084,"마포구",2
12485,126.907328,37.55937076,"마포구",2
12486,126.9078337,37.55881724,"마포구",2
12487,126.906588,37.56019064,"마포구",2
12488,126.9062458,37.56057011,"마포구",2
12489,126.907231,37.55947772,"마포구",2
12490,126.9057015,37.56117435,"마포구",2
12491,126.9061569,37.56066869,"마포구",2
12492,126.9062073,37.56061281,"마포구",2
12493,126.9048963,37.56207228,"마포구",2
12494,126.9055655,37.56132588,"마포구",2
12495,126.9048606,37.56211211,"마포구",2
12496,126.9056375,37.56124659,"마포구",2
12497,126.9094317,37.56478809,"마포구",2
12498,126.9085364,37.56455531,"마포구",2
12499,126.9085364,37.56455531,"마포구",2
12500,126.9048266,37.56215117,"마포구",2
12501,126.9085892,37.55799503,"마포구",2
12502,126.9085892,37.55799503,"마포구",2
12503,126.9084407,37.5579283,"마포구",2
12504,126.9001056,37.56209515,"마포구",4
12505,126.8994825,37.56182954,"마포구",4
12506,126.9001056,37.56209515,"마포구",4
12507,126.9007771,37.56232763,"마포구",4
12508,126.9013816,37.56250752,"마포구",4
12509,126.8996846,37.56264287,"마포구",4
12510,126.9019709,37.56318024,"마포구",4
12511,126.8998939,37.56253746,"마포구",4
12512,126.9012615,37.56296658,"마포구",4
12513,126.9005503,37.56273865,"마포구",4
12514,126.9005503,37.56273865,"마포구",4
12515,126.9001199,37.56259289,"마포구",4
12516,126.9013816,37.56250752,"마포구",4
12517,126.8996846,37.56264287,"마포구",4
12518,126.8997363,37.56256714,"마포구",4
12519,126.8998285,37.56252697,"마포구",4
12520,126.8996846,37.56264287,"마포구",4
12521,126.9013816,37.56250752,"마포구",4
12522,126.9007771,37.56232763,"마포구",4
12523,126.901873,37.56315075,"마포구",4
12524,126.8991101,37.5623237,"마포구",4
12525,126.8991101,37.5623237,"마포구",4
12526,126.9029421,37.56344461,"마포구",4
12527,126.9029421,37.56344461,"마포구",4
12528,126.9029421,37.56344461,"마포구",4
12529,126.9028907,37.56293776,"마포구",4
12530,126.9028907,37.56293776,"마포구",4
12531,126.9032604,37.56387754,"마포구",4
12532,126.9011645,37.56575298,"마포구",4
12533,126.9016495,37.56548211,"마포구",4
12534,126.901473,37.56559302,"마포구",4
12535,126.8948013,37.5603573,"마포구",4
12536,126.8949617,37.56043637,"마포구",4
12537,126.8952438,37.56054971,"마포구",4
12538,126.8953713,37.56061045,"마포구",4
12539,126.8955862,37.5606987,"마포구",4
12540,126.8958991,37.56082935,"마포구",4
12541,126.896846,37.56168086,"마포구",4
12542,126.8968249,37.56171848,"마포구",4
12543,126.8967253,37.56171644,"마포구",4
12544,126.8965383,37.56165877,"마포구",4
12545,126.8964374,37.56162611,"마포구",4
12546,126.8961926,37.56164283,"마포구",4
12547,126.8960747,37.56167371,"마포구",4
12548,126.8959537,37.56173841,"마포구",4
12549,126.8958777,37.56181775,"마포구",4
12550,126.8958093,37.56195971,"마포구",4
12551,126.8958104,37.56201249,"마포구",4
12552,126.895842,37.56204576,"마포구",4
12553,126.8960109,37.56209118,"마포구",4
12554,126.8962244,37.56222819,"마포구",4
12555,126.896412,37.56243905,"마포구",4
12556,126.8966563,37.56255984,"마포구",4
12557,126.8969195,37.56257522,"마포구",4
12558,126.8970843,37.56253292,"마포구",4
12559,126.8972176,37.56252554,"마포구",4
12560,126.8973586,37.5625793,"마포구",4
12561,126.8974428,37.5626615,"마포구",4
12562,126.8974542,37.56278321,"마포구",4
12563,126.8973699,37.56299341,"마포구",4
12564,126.8971045,37.56330623,"마포구",4
12565,126.8972761,37.56343036,"마포구",4
12566,126.897153,37.56357555,"마포구",4
12567,126.8971289,37.5638988,"마포구",4
12568,126.8971476,37.56398923,"마포구",4
12569,126.8977682,37.56406071,"마포구",4
12570,126.8958991,37.56082935,"마포구",4
12571,126.8958829,37.56088986,"마포구",4
12572,126.8956622,37.56073417,"마포구",4
12573,126.8958296,37.56080708,"마포구",4
12574,126.896846,37.56168086,"마포구",4
12575,126.899355,37.5635007,"마포구",4
12576,126.8997773,37.56422314,"마포구",4
12577,126.8997322,37.56338876,"마포구",4
12578,126.8992952,37.56267383,"마포구",4
12579,126.8992952,37.56267383,"마포구",4
12580,126.8997322,37.56338876,"마포구",4
12581,126.8998055,37.56474644,"마포구",4
12582,126.8994144,37.56432269,"마포구",4
12583,126.8992952,37.56267383,"마포구",4
12584,126.8998302,37.56521603,"마포구",4
12585,126.8998302,37.56521603,"마포구",4
12586,126.8998302,37.56521603,"마포구",4
12587,126.8996901,37.56951349,"마포구",4
12588,126.8996901,37.56951349,"마포구",4
12589,126.9000195,37.56854774,"마포구",4
12590,126.8996997,37.56961111,"마포구",4
12591,126.8996997,37.56961111,"마포구",4
12592,126.899566,37.56730476,"마포구",4
12593,126.89964,37.56878108,"마포구",4
12594,126.8996901,37.56951349,"마포구",4
12595,126.8999718,37.56771578,"마포구",4
12596,126.9000195,37.56854774,"마포구",4
12597,126.899566,37.56730476,"마포구",4
12598,126.8996142,37.56800809,"마포구",4
12599,126.8996214,37.56811737,"마포구",4
12600,126.89964,37.56878108,"마포구",4
12601,126.8997527,37.57048696,"마포구",4
12602,126.9000712,37.56950144,"마포구",4
12603,126.9001308,37.57043371,"마포구",4
12604,126.9001308,37.57043371,"마포구",4
12605,126.8999297,37.56698829,"마포구",4
12606,126.8999718,37.56771578,"마포구",4
12607,126.900084,37.56583076,"마포구",4
12608,126.8995089,37.56618871,"마포구",4
12609,126.8995089,37.56618871,"마포구",4
12610,126.8994011,37.56606555,"마포구",4
12611,126.899447,37.56605553,"마포구",4
12612,126.900084,37.56583076,"마포구",4
12613,126.8998709,37.56599764,"마포구",4
12614,126.8998709,37.56599764,"마포구",4
12615,126.8994725,37.56544243,"마포구",4
12616,126.9000212,37.56545706,"마포구",4
12617,126.8994725,37.56544243,"마포구",4
12618,126.8993179,37.56642024,"마포구",4
12619,126.8994674,37.57019565,"마포구",4
12620,126.8994674,37.57019565,"마포구",4
12621,126.8992213,37.57057713,"마포구",4
12622,126.8992213,37.57057713,"마포구",4
12623,126.8992213,37.57057713,"마포구",4
12624,126.8989414,37.5707391,"마포구",4
12625,126.907286,37.55941668,"마포구",2
12626,126.899837,37.57223282,"마포구",4
12627,126.8998978,37.57353571,"마포구",4
12628,126.9002507,37.57230315,"마포구",4
12629,126.900318,37.57295198,"마포구",4
12630,126.8998978,37.57353571,"마포구",4
12631,126.900318,37.57295198,"마포구",4
12632,126.8990183,37.57327418,"마포구",4
12633,126.8991924,37.57349339,"마포구",4
12634,126.8991924,37.57349339,"마포구",4
12635,126.8998138,37.57410461,"마포구",4
12636,126.8986188,37.57062418,"마포구",4
12637,126.8986188,37.57062418,"마포구",4
12638,126.8983375,37.57036787,"마포구",4
12639,126.8941127,37.56782496,"마포구",4
12640,126.8941127,37.56782496,"마포구",4
12641,126.8941231,37.56765144,"마포구",4
12642,126.8941127,37.56782496,"마포구",4
12643,126.898939,37.56214428,"마포구",4
12644,126.898493,37.56194852,"마포구",4
12645,126.8954519,37.56022894,"마포구",4
12646,126.8954519,37.56022894,"마포구",4
12647,126.8968126,37.56156412,"마포구",4
12648,126.8968415,37.56163904,"마포구",4
12649,126.8986897,37.56154234,"마포구",4
12650,126.8977697,37.56165644,"마포구",4
12651,126.8986897,37.56154234,"마포구",4
12652,126.8964268,37.56107441,"마포구",4
12653,126.8967731,37.5612241,"마포구",4
12654,126.8969627,37.56129978,"마포구",4
12655,126.8973934,37.56147359,"마포구",4
12656,126.8968169,37.56074557,"마포구",4
12657,126.8964824,37.56126168,"마포구",4
12658,126.8979427,37.56121077,"마포구",4
12659,126.8968169,37.56074557,"마포구",4
12660,126.897113,37.56163897,"마포구",4
12661,126.8977697,37.56165644,"마포구",4
12662,126.9026704,37.5645281,"마포구",4
12663,126.9017717,37.56538619,"마포구",4
12664,126.9026141,37.56458976,"마포구",4
12665,126.9021592,37.56507255,"마포구",4
12666,126.9018162,37.56535125,"마포구",4
12667,126.9027247,37.56446824,"마포구",4
12668,126.9089867,37.55753353,"마포구",2
12669,126.8936387,37.56811598,"마포구",4
12670,126.8948397,37.56867734,"마포구",4
12671,126.898849,37.57307391,"마포구",4
12672,126.8944821,37.56829102,"마포구",4
12673,126.8948397,37.56867734,"마포구",4
12674,126.8984096,37.57324602,"마포구",4
12675,126.8983577,37.5731422,"마포구",4
12676,126.8982631,37.57300206,"마포구",4
12677,126.8974999,37.57215396,"마포구",4
12678,126.8959589,37.5704633,"마포구",4
12679,126.8952541,37.56981928,"마포구",4
12680,126.8948148,37.56927964,"마포구",4
12681,126.8949807,37.56884204,"마포구",4
12682,126.8951498,37.5690294,"마포구",4
12683,126.8957537,37.56961383,"마포구",4
12684,126.8959128,37.56994972,"마포구",4
12685,126.8983653,37.57265619,"마포구",4
12686,126.898849,37.57307391,"마포구",4
12687,126.8936387,37.56811598,"마포구",4
12688,126.8934172,37.56809938,"마포구",4
12689,126.8941795,37.56795582,"마포구",4
12690,126.8944821,37.56829102,"마포구",4
12691,126.8946622,37.56911943,"마포구",4
12692,126.8937113,37.56815432,"마포구",4
12693,126.8922725,37.56839338,"마포구",4
12694,126.8922183,37.56843397,"마포구",4
12695,126.8992004,37.56605425,"마포구",4
12696,126.897743,37.56607167,"마포구",4
12697,126.8988073,37.56605548,"마포구",4
12698,126.8992004,37.56605425,"마포구",4
12699,126.8952687,37.56653686,"마포구",4
12700,126.8961534,37.56630055,"마포구",4
12701,126.8970771,37.56613761,"마포구",4
12702,126.897743,37.56607167,"마포구",4
12703,126.8937034,37.56726356,"마포구",4
12704,126.8937847,37.567246,"마포구",4
12705,126.893854,37.5672134,"마포구",4
12706,126.8941799,37.5670285,"마포구",4
12707,126.8946686,37.56678035,"마포구",4
12708,126.8952687,37.56653686,"마포구",4
12709,126.8937034,37.56726356,"마포구",4
12710,126.8975026,37.56652636,"마포구",4
12711,126.8965212,37.56666477,"마포구",4
12712,126.8959566,37.56678339,"마포구",4
12713,126.8989731,37.56648479,"마포구",4
12714,126.897887,37.56650936,"마포구",4
12715,126.8931982,37.56818118,"마포구",4
12716,126.8918849,37.56914419,"마포구",4
12717,126.8959566,37.56678339,"마포구",4
12718,126.8952453,37.56703254,"마포구",4
12719,126.8944082,37.56742515,"마포구",4
12720,126.8923258,37.56835699,"마포구",4
12721,126.8931446,37.56776151,"마포구",4
12722,126.8931892,37.56762732,"마포구",4
12723,126.8899154,37.57054269,"마포구",4
12724,126.8907396,37.56969852,"마포구",4
12725,126.8916225,37.56892938,"마포구",4
12726,126.8922183,37.56843397,"마포구",4
12727,126.9104037,37.56504563,"마포구",2
12728,126.9107489,37.56549043,"마포구",2
12729,126.9107489,37.56549043,"마포구",2
12730,126.9111332,37.56523894,"마포구",2
12731,126.910866,37.56560937,"마포구",2
12732,126.9111332,37.56523894,"마포구",2
12733,126.9112087,37.56584096,"마포구",2
12734,126.9117772,37.56537915,"마포구",2
12735,126.9117772,37.56537915,"마포구",2
12736,126.9117863,37.56581012,"마포구",2
12737,126.9125259,37.5660045,"마포구",2
12738,126.9124148,37.5655375,"마포구",2
12739,126.9124148,37.5655375,"마포구",2
12740,126.9125259,37.5660045,"마포구",2
12741,126.8985847,37.57354322,"마포구",4
12742,126.9001784,37.57117642,"마포구",4
12743,126.8998064,37.57133397,"마포구",4
12744,126.8998064,37.57133397,"마포구",4
12745,126.8998064,37.57133397,"마포구",4
12746,126.8995727,37.57083568,"마포구",4
12747,126.8995727,37.57083568,"마포구",4
12748,126.8992626,37.57082668,"마포구",4
12749,126.8998629,37.57300264,"마포구",4
12750,126.8998629,37.57300264,"마포구",4
12751,126.8978197,37.56966526,"마포구",4
12752,126.8984177,37.57335553,"마포구",4
12753,126.8984177,37.57335553,"마포구",4
12754,126.8984177,37.57335553,"마포구",4
12755,126.8984177,37.57335553,"마포구",4
12756,126.8969153,37.57105794,"마포구",4
12757,126.8998427,37.57251194,"마포구",4
12758,126.9002212,37.57184311,"마포구",4
12759,126.8998275,37.57192006,"마포구",4
12760,126.929332,37.54331223,"마포구",1
12761,126.9314088,37.54228706,"마포구",1
12762,126.9299447,37.54285024,"마포구",1
12763,126.9307223,37.54257417,"마포구",1
12764,126.9295585,37.54291832,"마포구",1
12765,126.9299447,37.54285024,"마포구",1
12766,126.9307223,37.54257417,"마포구",1
12767,126.9314088,37.54228706,"마포구",1
12768,126.9293137,37.54300292,"마포구",1
12769,126.9290333,37.54335528,"마포구",1
12770,126.9293137,37.54300292,"마포구",1
12771,126.9290333,37.54335528,"마포구",1
12772,126.9288773,37.54312164,"마포구",1
12773,126.9288582,37.54311298,"마포구",1
12774,126.9288238,37.54311157,"마포구",1
12775,126.928766,37.54311975,"마포구",1
12776,126.9287529,37.54311506,"마포구",1
12777,126.9287383,37.5430992,"마포구",1
12778,126.9290333,37.54335528,"마포구",1
12779,126.9287098,37.54230554,"마포구",1
12780,126.9291902,37.54290827,"마포구",1
12781,126.9291954,37.54292889,"마포구",1
12782,126.9291889,37.54294186,"마포구",1
12783,126.9291398,37.54299164,"마포구",1
12784,126.9291383,37.54300854,"마포구",1
12785,126.9237541,37.56016253,"마포구",2
12786,126.9177346,37.56708438,"마포구",2
12787,126.9180578,37.56692782,"마포구",2
12788,126.9183963,37.5666958,"마포구",2
12789,126.9188778,37.56615305,"마포구",2
12790,126.9210552,37.56333544,"마포구",2
12791,126.9209909,37.56330381,"마포구",2
12792,126.9209955,37.56320896,"마포구",2
12793,126.9203121,37.56279306,"마포구",2
12794,126.9193862,37.56222956,"마포구",2
12795,126.9212535,37.56323243,"마포구",2
12796,126.9167311,37.56752996,"마포구",2
12797,126.9167311,37.56752996,"마포구",2
12798,126.9178041,37.56127878,"마포구",2
12799,126.9183578,37.56161013,"마포구",2
12800,126.9186618,37.56179936,"마포구",2
12801,126.9186618,37.56179936,"마포구",2
12802,126.9236792,37.5601225,"마포구",2
12803,126.9211324,37.56337626,"마포구",2
12804,126.9211324,37.56337626,"마포구",2
12805,126.9200846,37.56469278,"마포구",2
12806,126.9213396,37.56313019,"마포구",2
12807,126.922528,37.56168405,"마포구",2
12808,126.9213396,37.56313019,"마포구",2
12809,126.9389381,37.54043444,"마포구",1
12810,126.9389044,37.54046116,"마포구",1
12811,126.9376685,37.5411714,"마포구",1
12812,126.9374805,37.54127679,"마포구",1
12813,126.9382509,37.54084496,"마포구",1
12814,126.9369111,37.54154303,"마포구",1
12815,126.9163867,37.56777292,"마포구",2
12816,126.9163867,37.56777292,"마포구",2
12817,126.9161894,37.56786702,"마포구",2
12818,126.9163867,37.56777292,"마포구",2
12819,126.9009366,37.57421192,"마포구",4
12820,126.901119,37.57464137,"마포구",4
12821,126.9009779,37.57448018,"마포구",4
12822,126.901119,37.57464137,"마포구",4
12823,126.9010467,37.57456426,"마포구",4
12824,126.9009779,37.57448018,"마포구",4
12825,126.901119,37.57464137,"마포구",4
12826,126.9305995,37.54521966,"마포구",1
12827,126.9306125,37.54523973,"마포구",1
12828,126.9302484,37.54549294,"마포구",1
12829,126.9303417,37.54535655,"마포구",1
12830,126.9303417,37.54535655,"마포구",1
12831,126.930299,37.54545726,"마포구",1
12832,126.9302776,37.54560732,"마포구",1
12833,126.9305553,37.5450525,"마포구",1
12834,126.9406275,37.53860871,"마포구",1
12835,126.9411492,37.53787998,"마포구",1
12836,126.9394441,37.53999515,"마포구",1
12837,126.939788,37.53961369,"마포구",1
12838,126.9394441,37.53999515,"마포구",1
12839,126.9400099,37.53934607,"마포구",1
12840,126.9406353,37.53859443,"마포구",1
12841,126.9406353,37.53859443,"마포구",1
12842,126.9411002,37.5390015,"마포구",1
12843,126.9406902,37.53881522,"마포구",1
12844,126.9406902,37.53881522,"마포구",1
12845,126.9268608,37.54403775,"마포구",1
12846,126.9268608,37.54403775,"마포구",1
12847,126.9281139,37.54355327,"마포구",1
12848,126.9286832,37.54325817,"마포구",1
12849,126.9286832,37.54325817,"마포구",1
12850,126.9276353,37.54373931,"마포구",1
12851,126.9281151,37.54197709,"마포구",1
12852,126.9039517,37.54854252,"마포구",2
12853,126.9009246,37.55066724,"마포구",2
12854,126.9009246,37.55066724,"마포구",2
12855,126.9024374,37.54960476,"마포구",2
12856,126.9039517,37.54854252,"마포구",2
12857,126.9009246,37.55066724,"마포구",2
12858,126.9024374,37.54960476,"마포구",2
12859,126.9112481,37.54493024,"마포구",2
12860,126.9112481,37.54493024,"마포구",2
12861,126.9113199,37.54515335,"마포구",2
12862,126.9086091,37.54725372,"마포구",2
12863,126.9093976,37.54739306,"마포구",2
12864,126.9094698,37.54742416,"마포구",2
12865,126.9094825,37.54743365,"마포구",2
12866,126.9094833,37.54744993,"마포구",2
12867,126.909466,37.54750501,"마포구",2
12868,126.9096481,37.54766502,"마포구",2
12869,126.9082122,37.5469297,"마포구",2
12870,126.9081727,37.54691989,"마포구",2
12871,126.9080435,37.54689842,"마포구",2
12872,126.9080297,37.54688798,"마포구",2
12873,126.908022,37.54686606,"마포구",2
12874,126.9084099,37.54658261,"마포구",2
12875,126.9084329,37.54659349,"마포구",2
12876,126.9084528,37.54662162,"마포구",2
12877,126.9085181,37.54675768,"마포구",2
12878,126.9085423,37.54678286,"마포구",2
12879,126.9044818,37.54384638,"마포구",2
12880,126.9036774,37.54276241,"마포구",2
12881,126.9079798,37.54676696,"마포구",2
12882,126.9079369,37.54671354,"마포구",2
12883,126.9082298,37.54651748,"마포구",2
12884,126.9082185,37.54552796,"마포구",2
12885,126.9076333,37.54594109,"마포구",2
12886,126.9072143,37.54624026,"마포구",2
12887,126.9076333,37.54594109,"마포구",2
12888,126.9072143,37.54624026,"마포구",2
12889,126.9076333,37.54594109,"마포구",2
12890,126.9089185,37.54503381,"마포구",2
12891,126.9072143,37.54624026,"마포구",2
12892,126.9075302,37.54594494,"마포구",2
12893,126.9075846,37.54640934,"마포구",2
12894,126.907828,37.54618889,"마포구",2
12895,126.9078667,37.54664332,"마포구",2
12896,126.907828,37.54618889,"마포구",2
12897,126.9075846,37.54640934,"마포구",2
12898,126.906695,37.54567291,"마포구",2
12899,126.9066956,37.54525485,"마포구",2
12900,126.9145292,37.54297478,"마포구",2
12901,126.9104933,37.54438561,"마포구",2
12902,126.9107231,37.54424867,"마포구",2
12903,126.9112993,37.54382143,"마포구",2
12904,126.9112993,37.54382143,"마포구",2
12905,126.9119399,37.54353346,"마포구",2
12906,126.9130421,37.54322958,"마포구",2
12907,126.9145292,37.54297478,"마포구",2
12908,126.9119399,37.54353346,"마포구",2
12909,126.9127137,37.54328581,"마포구",2
12910,126.915728,37.54276727,"마포구",2
12911,126.9107231,37.54424867,"마포구",2
12912,126.9097495,37.54454839,"마포구",2
12913,126.9100858,37.54446096,"마포구",2
12914,126.9095384,37.54462435,"마포구",2
12915,126.9097495,37.54454839,"마포구",2
12916,126.9057374,37.54487988,"마포구",2
12917,126.9055499,37.54430683,"마포구",2
12918,126.9106308,37.54821012,"마포구",2
12919,126.9106635,37.5481835,"마포구",2
12920,126.9100382,37.54836295,"마포구",2
12921,126.910026,37.54834268,"마포구",2
12922,126.9097926,37.54819836,"마포구",2
12923,126.9092242,37.54779497,"마포구",2
12924,126.9092036,37.547788,"마포구",2
12925,126.9091286,37.54780092,"마포구",2
12926,126.909111,37.54779384,"마포구",2
12927,126.9089737,37.54758167,"마포구",2
12928,126.9089304,37.54753013,"마포구",2
12929,126.908876,37.54747577,"마포구",2
12930,126.9090909,37.54722452,"마포구",2
12931,126.909135,37.54725173,"마포구",2
12932,126.9094743,37.54751923,"마포구",2
12933,126.9101596,37.5479987,"마포구",2
12934,126.910325,37.54808445,"마포구",2
12935,126.9099051,37.54784815,"마포구",2
12936,126.9100384,37.54842818,"마포구",2
12937,126.9123469,37.55179572,"마포구",2
12938,126.910571,37.54821376,"마포구",2
12939,126.9106065,37.54821744,"마포구",2
12940,126.9101417,37.54863492,"마포구",2
12941,126.9100688,37.5486049,"마포구",2
12942,126.9100497,37.54858933,"마포구",2
12943,126.9100374,37.5485676,"마포구",2
12944,126.9128588,37.55039008,"마포구",2
12945,126.912058,37.55271324,"마포구",2
12946,126.9123224,37.55187473,"마포구",2
12947,126.9120325,37.5527985,"마포구",2
12948,126.9116308,37.55408759,"마포구",2
12949,126.9056698,37.54733915,"마포구",2
12950,126.9047251,37.54800081,"마포구",2
12951,126.9117028,37.54489097,"마포구",2
12952,126.9335502,37.54261732,"마포구",1
12953,126.9331523,37.54209697,"마포구",1
12954,126.9333981,37.54248097,"마포구",1
12955,126.932859,37.54220942,"마포구",1
12956,126.9362644,37.54168765,"마포구",1
12957,126.9356402,37.54169087,"마포구",1
12958,126.9362644,37.54168765,"마포구",1
12959,126.9329619,37.54177334,"마포구",1
12960,126.9329619,37.54177334,"마포구",1
12961,126.9336337,37.5415027,"마포구",1
12962,126.9336337,37.5415027,"마포구",1
12963,126.9340478,37.54146469,"마포구",1
12964,126.934335,37.54151097,"마포구",1
12965,126.934999,37.54162633,"마포구",1
12966,126.9329619,37.54177334,"마포구",1
12967,126.934999,37.54162633,"마포구",1
12968,126.9356402,37.54169087,"마포구",1
12969,126.932263,37.54202708,"마포구",1
12970,126.932263,37.54202708,"마포구",1
12971,126.9338547,37.54271908,"마포구",1
